回数,タイトル,テーマ,国,ポイント,APPLE_PODCAST_URL,GOOGLE_POD_CAST_URL,You_tube_URL
1,吉田松陰が脱藩した衝撃の理由！,吉田松陰,日本,"幕末の志士たちに影響を与えた吉田松陰は実は犯罪者だった？
当時では重罪だった脱藩を決意した衝撃の理由とは？",https://podcasts.apple.com/jp/podcast/01-%E5%90%89%E7%94%B0%E6%9D%BE%E9%99%B0%E3%81%8C%E8%84%B1%E8%97%A9%E3%81%97%E3%81%9F%E8%A1%9D%E6%92%83%E3%81%AE%E7%90%86%E7%94%B1-%E3%83%BC-coten-radio/id1450522865?i=1000428388545,/feed/aHR0cHM6Ly9hbmNob3IuZm0vcy84YzIwODhjL3BvZGNhc3QvcnNz/episode/OTdmYzlmMjEtYzE1Yi1jYTNhLTg0YTQtYzM4MTNiNzI2ZmYx?ved=0CJkCEM7CAmoXChMIsIekt_3g6QIVAAAAAB0AAAAAEAY,/watch?v=VMpjzAA6hNI
2,吉田松陰の「感化力」がすごい！,吉田松陰,日本,"弟子たちをはじめ、周りの人々の心を動かし続けた吉田松陰。
そんな松蔭の「感化力」について語ります。",https://podcasts.apple.com/jp/podcast/02-%E5%90%89%E7%94%B0%E6%9D%BE%E9%99%B0%E3%81%AE-%E6%84%9F%E5%8C%96%E5%8A%9B-%E3%81%8C%E3%81%99%E3%81%94%E3%81%84-%E3%83%BC-coten-radio/id1450522865?i=1000428388542,/feed/aHR0cHM6Ly9hbmNob3IuZm0vcy84YzIwODhjL3BvZGNhc3QvcnNz/episode/YzZkNGVmNzItMTEwZi0zNDIyLWM1MjMtZjExM2M5MGNmYTYz?ved=0CJcCEM7CAmoXChMIsIekt_3g6QIVAAAAAB0AAAAAEAY,/watch?v=2xDAjrniULM
3,黒船が来たときに吉田松陰がとった「とんでもない行動」とは！？,吉田松陰,日本,"弟子たちをはじめ、周りの人々の心を動かし続けた吉田松陰。
そんな松陰があの有名な黒船が来たときに思わずとったとんでもない行動とは！？",https://podcasts.apple.com/jp/podcast/03-%E9%BB%92%E8%88%B9%E3%81%8C%E6%9D%A5%E3%81%9F%E3%81%A8%E3%81%8D%E3%81%AB%E5%90%89%E7%94%B0%E6%9D%BE%E9%99%B0%E3%81%8C%E3%81%A8%E3%81%A3%E3%81%9F-%E3%81%A8%E3%82%93%E3%81%A7%E3%82%82%E3%81%AA%E3%81%84%E8%A1%8C%E5%8B%95-%E3%81%A8%E3%81%AF-%E3%83%BC-coten-radio/id1450522865?i=1000428388537,/feed/aHR0cHM6Ly9hbmNob3IuZm0vcy84YzIwODhjL3BvZGNhc3QvcnNz/episode/ZjRkMzRhMTgtNTUzZC04MGE0LWQxZTAtOTJhODY1OTJkNDBi?ved=0CJUCEM7CAmoXChMIsIekt_3g6QIVAAAAAB0AAAAAEAY,/watch?v=Mzr3fk1ExGA
4,もし吉田松陰に人生相談ができたら・・・？,吉田松陰,日本,"あの吉田松陰にもし人生の悩みを相談できたら？
ラジオのリスナーがお便りで相談する（てい）で、
吉田松陰ならどう答えるのかを考えてみました。",https://podcasts.apple.com/jp/podcast/04-%E3%82%82%E3%81%97%E5%90%89%E7%94%B0%E6%9D%BE%E9%99%B0%E3%81%AB%E4%BA%BA%E7%94%9F%E7%9B%B8%E8%AB%87%E3%81%8C%E3%81%A7%E3%81%8D%E3%81%9F%E3%82%89-%E3%83%BC-coten-radio/id1450522865?i=1000428388355,/feed/aHR0cHM6Ly9hbmNob3IuZm0vcy84YzIwODhjL3BvZGNhc3QvcnNz/episode/YzIyYmUyOWMtZWQ3NS1lYWQwLWNjYjktZGFiMDgwNWQyMzdi?ved=0CJMCEM7CAmoXChMIsIekt_3g6QIVAAAAAB0AAAAAEAY,/watch?v=2cJi5iIOCyU
5,スパルタ人の壮絶な一生！まさにスパルタ教育,古代ローマ,ギリシヤ,"「全員戦士」のスパルタ人。
幼少の頃から戦士としてのエリート教育を施されるその極端な脳筋人生を紹介します！",https://podcasts.apple.com/jp/podcast/05-%E3%82%B9%E3%83%91%E3%83%AB%E3%82%BF%E4%BA%BA%E3%81%AE%E5%A3%AE%E7%B5%B6%E3%81%AA%E4%B8%80%E7%94%9F-%E3%81%BE%E3%81%95%E3%81%AB%E3%82%B9%E3%83%91%E3%83%AB%E3%82%BF%E6%95%99%E8%82%B2-coten-radio/id1450522865?i=1000428388544,/feed/aHR0cHM6Ly9hbmNob3IuZm0vcy84YzIwODhjL3BvZGNhc3QvcnNz/episode/ZjFjMzAxMjctNWQxZS00MTQ4LTk0Y2YtOGU0ZDA2NmZmMTRl?ved=0CJECEM7CAmoXChMIsIekt_3g6QIVAAAAAB0AAAAAEAY,/watch?v=J_kARj-FuPw
6,スパルタでイケてる男の基準！,古代ローマ,ギリシヤ,"体を鍛えるときは全裸のスパルタ人。
イケてる男の話から当時の女性の社会的地位やイケてる女性の話まで
スパルタ人の価値観についてお伝えします！",https://podcasts.apple.com/jp/podcast/06-%E3%82%B9%E3%83%91%E3%83%AB%E3%82%BF%E3%81%A7%E3%82%A4%E3%82%B1%E3%81%A6%E3%82%8B%E7%94%B7%E3%81%AE%E5%9F%BA%E6%BA%96-coten-radio/id1450522865?i=1000428388541,/feed/aHR0cHM6Ly9hbmNob3IuZm0vcy84YzIwODhjL3BvZGNhc3QvcnNz/episode/MmU2NWY4NTUtMzliMy04YWRiLWUzZTktNTE4NDY5NmQxMTVk?ved=0CI8CEM7CAmoXChMIsIekt_3g6QIVAAAAAB0AAAAAEAY,/watch?v=X0_q7MB3jaQ
7,スパルタ人の性事情！戦争に勝つためのスパルタ式肉欲道 ,古代ローマ,ギリシヤ,"男性は基本バイセクシャル。
現代人よりずっと性に奔放な古代ギリシャ人の性事情についてお伝えします！",https://podcasts.apple.com/jp/podcast/07-%E3%82%B9%E3%83%91%E3%83%AB%E3%82%BF%E4%BA%BA%E3%81%AE%E6%80%A7%E4%BA%8B%E6%83%85-%E6%88%A6%E4%BA%89%E3%81%AB%E5%8B%9D%E3%81%A4%E3%81%9F%E3%82%81%E3%81%AE%E3%82%B9%E3%83%91%E3%83%AB%E3%82%BF%E5%BC%8F%E8%82%89%E6%AC%B2%E9%81%93-%E3%83%BC-coten-radio/id1450522865?i=1000428388540,/feed/aHR0cHM6Ly9hbmNob3IuZm0vcy84YzIwODhjL3BvZGNhc3QvcnNz/episode/NzVmZTcyZDMtZjQzNi1hNjdhLTZiZTItNDBkMmZhNDE5ZGRj?ved=0CI0CEM7CAmoXChMIsIekt_3g6QIVAAAAAB0AAAAAEAY,/watch?v=Pkqx0O-sv4Y
8,スパルタ人のグルメ！ギリシャいちマズイ飯、いかがですか？,古代ローマ,ギリシヤ,"食べ物さえも強くなるための糧、美味しく食べるなどもってのほか、
栄養として摂取できるかどうかだけが大事なスパルタのグルメについてです。",https://podcasts.apple.com/jp/podcast/08-%E3%82%B9%E3%83%91%E3%83%AB%E3%82%BF%E4%BA%BA%E3%81%AE%E3%82%B0%E3%83%AB%E3%83%A1-%E3%82%AE%E3%83%AA%E3%82%B7%E3%83%A3%E3%81%84%E3%81%A1%E3%83%9E%E3%82%BA%E3%82%A4%E9%A3%AF-%E3%81%84%E3%81%8B%E3%81%8C%E3%81%A7%E3%81%99%E3%81%8B-%E3%83%BC-coten-radio/id1450522865?i=1000428388356,/feed/aHR0cHM6Ly9hbmNob3IuZm0vcy84YzIwODhjL3BvZGNhc3QvcnNz/episode/ODg4ZjNjNTQtNGRiMC04NmRmLTNkYWEtZjcxOThmNWE4NGIz?ved=0CIsCEM7CAmoXChMIsIekt_3g6QIVAAAAAB0AAAAAEAY,/watch?v=kjenu0OuI2o
9,スパルタとアテネを比較して考える！脳筋VS頭脳、勝つのはどっち？,古代ローマ,ギリシヤ,"ギリシャポリス2強のスパルタとアテネ。
軍事特化のスパルタと学問・経済で優秀なアテネ。
対照的な2つのポリスを比較しながら、スパルタの特徴を語っていきます。",https://podcasts.apple.com/jp/podcast/09-%E3%82%B9%E3%83%91%E3%83%AB%E3%82%BF%E3%81%A8%E3%82%A2%E3%83%86%E3%83%8D%E3%82%92%E6%AF%94%E8%BC%83%E3%81%97%E3%81%A6%E8%80%83%E3%81%88%E3%82%8B-%E8%84%B3%E7%AD%8Bvs%E9%A0%AD%E8%84%B3-%E5%8B%9D%E3%81%A4%E3%81%AE%E3%81%AF%E3%81%A9%E3%81%A3%E3%81%A1-%E3%83%BC-coten-radio/id1450522865?i=1000428388538,/feed/aHR0cHM6Ly9hbmNob3IuZm0vcy84YzIwODhjL3BvZGNhc3QvcnNz/episode/YTBhNmRmNDAtNjNiNy1iY2Y0LTQ5ZDctZjc0NmM1ZmM3ODhk?ved=0CIkCEM7CAmoXChMIsIekt_3g6QIVAAAAAB0AAAAAEAY,/watch?v=2kPwhNmKUXM
10,アテネはどうすればスパルタに勝てたのか？頭脳が脳筋に負ける時,古代ローマ,ギリシヤ,"【ポイント】
①国家（組織）のシステムエラーを意図的に起こす仕組みを内部につくる
②ベンチャー企業のスタートアップ期と仕組みづくり期に求められるマインドは違う
③壮大な時間軸の中で、目の前の現象を様々な歴史的視点から観てみる",https://podcasts.apple.com/jp/podcast/10-%E3%82%A2%E3%83%86%E3%83%8D%E3%81%AF%E3%81%A9%E3%81%86%E3%81%99%E3%82%8C%E3%81%B0%E3%82%B9%E3%83%91%E3%83%AB%E3%82%BF%E3%81%AB%E5%8B%9D%E3%81%A6%E3%81%9F%E3%81%AE%E3%81%8B-%E9%A0%AD%E8%84%B3%E3%81%8C%E8%84%B3%E7%AD%8B%E3%81%AB%E8%B2%A0%E3%81%91%E3%82%8B%E6%99%82%E3%83%BC-coten-radio/id1450522865?i=1000428388543,/feed/aHR0cHM6Ly9hbmNob3IuZm0vcy84YzIwODhjL3BvZGNhc3QvcnNz/episode/MzZlYWY0MjEtYzYwMy01NmQwLTU2NmMtZTBjODVmYjRiNWEx?ved=0CIcCEM7CAmoXChMIsIekt_3g6QIVAAAAAB0AAAAAEAY,/watch?v=eN0sIq332OU
11,草食系男子がスパルタ漢にお悩み相談するとしたら？,古代ローマ,ギリシヤ,"【ポイント】
①スパルタ男は毎週肉体をみんなからチェックされる
②少しでも贅肉がついていたら鞭打ちの刑
③スパルタはデブに厳しい国！楽に暮らしたければアテネにGO！",https://podcasts.apple.com/jp/podcast/11-%E8%8D%89%E9%A3%9F%E7%B3%BB%E7%94%B7%E5%AD%90%E3%81%8C%E3%82%B9%E3%83%91%E3%83%AB%E3%82%BF%E6%BC%A2%E3%81%AB%E3%81%8A%E6%82%A9%E3%81%BF%E7%9B%B8%E8%AB%87%E3%81%99%E3%82%8B%E3%81%A8%E3%81%97%E3%81%9F%E3%82%89-%E3%83%BC-coten-radio/id1450522865?i=1000428388539,/feed/aHR0cHM6Ly9hbmNob3IuZm0vcy84YzIwODhjL3BvZGNhc3QvcnNz/episode/NDNjMzQ0YmUtYWM0ZS1hZmY3LTIyZDUtYTI3YTRiOTQ5NWVk?ved=0CIUCEM7CAmoXChMIsIekt_3g6QIVAAAAAB0AAAAAEAY,/watch?v=Y88fPSzdcYA
12,インターネットの本当の凄さ ― 人類のコミュニケーション史,コミュニケーション史,,"【ポイント】
①匿名性のある発言が史上初めて社会に影響を与えはじめた
―ネット登場以前はすべての発言に「誰が言ったか？」「発言者の地位・社会的立場・経歴」が紐付かれていた。
―匿名性のある発言が社会に影響を与えるほど機能することは基本的になかったが、匿名性の発言が市民権を得たのがネット登場後の時代の特徴。
②膨大な数の発信者が出現した
―ネット登場以前では、情報が影響力を発揮するプロセスは、ある一人の偉大な発信者が多数の受信者に対して発信するというトップダウン型のコミュニケーションが殆どだった。
―しかしインターネットの登場により個人の発信者の数が一気に増え、民衆だけで大規模な世論形成が可能になるなど、社会の在り方が大きく変化していきます。",https://podcasts.apple.com/jp/podcast/12-%E3%82%A4%E3%83%B3%E3%82%BF%E3%83%BC%E3%83%8D%E3%83%83%E3%83%88%E3%81%AE%E6%9C%AC%E5%BD%93%E3%81%AE%E5%87%84%E3%81%95-%E4%BA%BA%E9%A1%9E%E3%81%AE%E3%82%B3%E3%83%9F%E3%83%A5%E3%83%8B%E3%82%B1%E3%83%BC%E3%82%B7%E3%83%A7%E3%83%B3%E5%8F%B2-coten-radio/id1450522865?i=1000429419161,/feed/aHR0cHM6Ly9hbmNob3IuZm0vcy84YzIwODhjL3BvZGNhc3QvcnNz/episode/YjdmOWI3MDktMGEwMS04N2IyLTM0MTctMTI1ODY3N2RiZGE5?ved=0CIMCEM7CAmoXChMIsIekt_3g6QIVAAAAAB0AAAAAEAY,/watch?v=Opb5REyVsNk
13,文字、爆誕。ー 人類のコミュニケーション史,コミュニケーション史,,"【ポイント】
①文字は人類の思考回路を徹底的に変えた
②文字によって情報の「記録」と「分析」ができるようになった
③文字によって世界を「数字」で量的に把握・記述できるようになった",https://podcasts.apple.com/jp/podcast/13-%E6%96%87%E5%AD%97-%E7%88%86%E8%AA%95-%E3%83%BC-%E4%BA%BA%E9%A1%9E%E3%81%AE%E3%82%B3%E3%83%9F%E3%83%A5%E3%83%8B%E3%82%B1%E3%83%BC%E3%82%B7%E3%83%A7%E3%83%B3%E5%8F%B2-coten-radio/id1450522865?i=1000429838182,/feed/aHR0cHM6Ly9hbmNob3IuZm0vcy84YzIwODhjL3BvZGNhc3QvcnNz/episode/ZjYwMDZjZWYtYjc0Mi0wNzViLWE2MjUtZTYzMjQxOWVkMGYz?ved=0CIECEM7CAmoXChMIsIekt_3g6QIVAAAAAB0AAAAAEAY,/watch?v=6vSclc0N5Ic
14,炎上の元祖！活版印刷 ― 人類のコミュニケーション史,コミュニケーション史,,"【ポイント】
①技術が広がるきっかけとなるのは「ニーズ」と「コスト」
②一対多のマスメディアの走りとなった活版印刷
③マスメディアによって「国家」という目に見えない概念が想像・共有され、新しい帰属の仕方を生み出した",https://podcasts.apple.com/jp/podcast/14-%E7%82%8E%E4%B8%8A%E3%81%AE%E5%85%83%E7%A5%96-%E6%B4%BB%E7%89%88%E5%8D%B0%E5%88%B7-%E4%BA%BA%E9%A1%9E%E3%81%AE%E3%82%B3%E3%83%9F%E3%83%A5%E3%83%8B%E3%82%B1%E3%83%BC%E3%82%B7%E3%83%A7%E3%83%B3%E5%8F%B2-coten-radio/id1450522865?i=1000430313244,/feed/aHR0cHM6Ly9hbmNob3IuZm0vcy84YzIwODhjL3BvZGNhc3QvcnNz/episode/NzhlYjRmZjMtNWIyMi1hNTc2LTE3NTgtNjg4MGQ5ZmQ3MzE2?ved=0CP8BEM7CAmoXChMIsIekt_3g6QIVAAAAAB0AAAAAEAY,/watch?v=FWwpeRyhHe4
15,マスメディアの誕生と電気通信 ー 人類のコミュニケーション史,コミュニケーション史,,"【ポイント】
①電気通信によって広告業が発達、圧倒的な市場開拓により大量消費社会の一因となった
②情報の伝達スピードが人間の移動速度を超える
③情報伝達の速度と量が増えたことで、社会変化のスピードもアップした
※途中に出てくる「腕木通信」が表示できた語彙数はおよそ「8000語」です。",https://podcasts.apple.com/jp/podcast/15-%E3%83%9E%E3%82%B9%E3%83%A1%E3%83%87%E3%82%A3%E3%82%A2%E3%81%AE%E8%AA%95%E7%94%9F%E3%81%A8%E9%9B%BB%E6%B0%97%E9%80%9A%E4%BF%A1-%E3%83%BC-%E4%BA%BA%E9%A1%9E%E3%81%AE%E3%82%B3%E3%83%9F%E3%83%A5%E3%83%8B%E3%82%B1%E3%83%BC%E3%82%B7%E3%83%A7%E3%83%B3%E5%8F%B2-coten-radio/id1450522865?i=1000430837392,/feed/aHR0cHM6Ly9hbmNob3IuZm0vcy84YzIwODhjL3BvZGNhc3QvcnNz/episode/OTZjOWY1OWItZWQ1NS0yOWJiLTgxOTktZWEwMzlhOGEwMTA1?ved=0CP0BEM7CAmoXChMIsIekt_3g6QIVAAAAAB0AAAAAEAY,/watch?v=EC_g2ReW-r4
16,結局、天皇ってなんだっけ？ ―世界一特殊な日本の皇室,天皇制,日本,"【ポイント】
①昔は殆どの国に君主が存在していたが、17世紀前後から民衆に打倒されるようになり、第一次世界大戦を機に世界の王室は一気に消滅していくが、日本は未だに残っている。
②実在が証明された天皇だけでも、皇室の歴史は世界の王室の中でも最長を数え、君主を戴く国の中で人口が最も多い国が日本である。
③皇室が続いてきた理由として、日本列島での権力と権威の獲得・証明コストは、打倒よりも利用する方がリーズナブルだったという側面がある。",https://podcasts.apple.com/jp/podcast/16-%E7%B5%90%E5%B1%80-%E5%A4%A9%E7%9A%87%E3%81%A3%E3%81%A6%E3%81%AA%E3%82%93%E3%81%A0%E3%81%A3%E3%81%91-%E4%B8%96%E7%95%8C%E4%B8%80%E7%89%B9%E6%AE%8A%E3%81%AA%E6%97%A5%E6%9C%AC%E3%81%AE%E7%9A%87%E5%AE%A4-coten-radio/id1450522865?i=1000431277644,/feed/aHR0cHM6Ly9hbmNob3IuZm0vcy84YzIwODhjL3BvZGNhc3QvcnNz/episode/MTRhZGU3ZTUtNWE4NC01MGY0LWFhMTgtODY2NzFhMDM1YTEx?ved=0CPsBEM7CAmoXChMIsIekt_3g6QIVAAAAAB0AAAAAEAY,/watch?v=R3aaC4BBVTQ
17,天皇っていつ生まれたの？神さまの子孫ってどういうこと？,天皇制,日本,"【ポイント】
①天皇が強い政治的な権力を発揮していた時代はむしろ短い。
②天皇は祭祀王であり、天照大御神の子孫と言われている。
③曖昧さが文化の日本では神と人の境界は常にふわっとしている。神でも人でもどっちでもええんちゃうん？というふわっとした感覚が日本人の根底に流れている。",https://podcasts.apple.com/jp/podcast/17-%E5%A4%A9%E7%9A%87%E3%81%A3%E3%81%A6%E3%81%84%E3%81%A4%E7%94%9F%E3%81%BE%E3%82%8C%E3%81%9F%E3%81%AE-%E7%A5%9E%E3%81%95%E3%81%BE%E3%81%AE%E5%AD%90%E5%AD%AB%E3%81%A3%E3%81%A6%E3%81%A9%E3%81%86%E3%81%84%E3%81%86%E3%81%93%E3%81%A8-coten-radio/id1450522865?i=1000431739449,/feed/aHR0cHM6Ly9hbmNob3IuZm0vcy84YzIwODhjL3BvZGNhc3QvcnNz/episode/NzY5NzRkZDEtZjgxMC0xNjQ1LTFjMmEtZDEwYjhlZDBhZmU1?ved=0CPMBEM7CAmoXChMIsIekt_3g6QIVAAAAAB0AAAAAEAY,/watch?v=S1q5yodN8fA
18,天皇と日本史 ― 天皇と将軍、どっちが偉いの？,天皇制,日本,"【ポイント】
①日本では武士が長きにわたって権力を握っていたが、その武士の源流である源氏と平氏たちも元を辿れば天皇の血筋。
②日本は権力と権威がそれぞれ将軍と天皇に分かれているという特殊な支配構造だった。
③将軍と天皇はそれぞれ「偉さ」の領域が違う。",https://podcasts.apple.com/jp/podcast/18-%E5%A4%A9%E7%9A%87%E3%81%A8%E6%97%A5%E6%9C%AC%E5%8F%B2-%E5%A4%A9%E7%9A%87%E3%81%A8%E5%B0%86%E8%BB%8D-%E3%81%A9%E3%81%A3%E3%81%A1%E3%81%8C%E5%81%89%E3%81%84%E3%81%AE-coten-radio/id1450522865?i=1000432629414,/feed/aHR0cHM6Ly9hbmNob3IuZm0vcy84YzIwODhjL3BvZGNhc3QvcnNz/episode/ZjMxMThiMjUtYTQwZi03MTVjLWZlMWYtNWMwOGEyMzA2NmNk?ved=0CPEBEM7CAmoXChMIsIekt_3g6QIVAAAAAB0AAAAAEAY,/watch?v=VMHYJpceuyI
19,現代の天皇 ―象徴って何？,天皇制,日本,"【ポイント】
①幕末から明治の日本は自国を従来とは完全に異なる近代国民国家に速やかに再構築する必要に迫られていた。その時に天皇は国家統合の象徴となった。
②象徴は「そこにいるだけでうわっ！ってなる雰囲気」をまとい、「一見して何も意味はなさそうだけれども、それでなかったら違和感が半端ない」ものかもしれない。
③今の天皇陛下も皇太子殿下も、象徴天皇の在り方についておそらくご自身でずっと模索されている。",https://podcasts.apple.com/jp/podcast/19-%E7%8F%BE%E4%BB%A3%E3%81%AE%E5%A4%A9%E7%9A%87-%E8%B1%A1%E5%BE%B4%E3%81%A3%E3%81%A6%E4%BD%95-coten-radio/id1450522865?i=1000433645322,/feed/aHR0cHM6Ly9hbmNob3IuZm0vcy84YzIwODhjL3BvZGNhc3QvcnNz/episode/M2M4OThhNTgtMmQ2OC1kM2RlLTc2NmItYjkwYjQ0Njg3ZmUx?ved=0CO0BEM7CAmoXChMIsIekt_3g6QIVAAAAAB0AAAAAEAY,/watch?v=KdYs79gz6RA
20,キングダムSP 秦の始皇帝 ―「キングダム」を10倍楽しむ為の予備知識,始皇帝,中国,"【ポイント】
①春秋・戦国時代とは、人類史上でもトップクラスに入る天才、変態、化け物たちが知力と武力の総当たり戦を繰り広げていた500年間
②大陸を起源とする東洋思想の8割方はこの時代で生まれた。以後の学問、思想、ハウツーの殆どはこれらの焼き直しと言ってもよい
③始皇帝の「中華統一」は今日のヨーロッパを統一するような難しさ。これを成し得たのは「法家思想」という「仕組みづくり」の戦略を最も上手に運用できたから",https://podcasts.apple.com/jp/podcast/20-%E3%82%AD%E3%83%B3%E3%82%B0%E3%83%80%E3%83%A0sp-%E7%A7%A6%E3%81%AE%E5%A7%8B%E7%9A%87%E5%B8%9D-%E3%82%AD%E3%83%B3%E3%82%B0%E3%83%80%E3%83%A0-%E3%82%9210%E5%80%8D%E6%A5%BD%E3%81%97%E3%82%80%E7%82%BA%E3%81%AE%E4%BA%88%E5%82%99%E7%9F%A5%E8%AD%98-coten-radio/id1450522865?i=1000434150209,/feed/aHR0cHM6Ly9hbmNob3IuZm0vcy84YzIwODhjL3BvZGNhc3QvcnNz/episode/ZjA0MjFiYzAtY2I0MS0yZGFiLWZhMmMtZWVjZDdkODkwNzA1?ved=0COsBEM7CAmoXChMIsIekt_3g6QIVAAAAAB0AAAAAEAY,/watch?v=wwmDQcbr0s4
21,キングダムSP 秦の始皇帝 ―秦はどのように成長していったのか？,始皇帝,中国,"【ポイント】
①秦が強国となった最大の理由は「ルールベースの機能的な組織設計・統治の元祖」でもある法家思想を取り入れ、フルに活用できたため
②始皇帝の100年ほど前の商鞅が秦の国家システムを根底から革新したキーマン
③当時ではキワモノの革新思想であった法家思想を秦が最も導入できのは、ベンチャー国家ゆえ貴族などの既得権益層が他国ほど成熟していないという背景があった",https://podcasts.apple.com/jp/podcast/21-%E3%82%AD%E3%83%B3%E3%82%B0%E3%83%80%E3%83%A0sp-%E7%A7%A6%E3%81%AE%E5%A7%8B%E7%9A%87%E5%B8%9D-%E7%A7%A6%E3%81%AF%E3%81%A9%E3%81%AE%E3%82%88%E3%81%86%E3%81%AB%E6%88%90%E9%95%B7%E3%81%97%E3%81%A6%E3%81%84%E3%81%A3%E3%81%9F%E3%81%AE%E3%81%8B-coten-radio/id1450522865?i=1000434682836,/feed/aHR0cHM6Ly9hbmNob3IuZm0vcy84YzIwODhjL3BvZGNhc3QvcnNz/episode/YzAyMjRhYmUtYjVlMS1lYTc0LTdiOWItZGVjM2MwNTcyZjJh?ved=0COUBEM7CAmoXChMIsIekt_3g6QIVAAAAAB0AAAAAEAY,/watch?v=virVzRbe28M
22,キングダムSP 秦の始皇帝 ―秦を盛り上げた漢たち,始皇帝,中国,"【ポイント】
①一番最初に秦を強国にのしあげた人物が百里奚（ひゃくりけい）という遅咲きの宰相
②世界史の中でも武力が神クラスの白起（はくき）将軍も登場する
③斉と秦が二大強国同士で睨み合っていた頃、小国・燕に楽毅（がくき）という武力レベルがシステムバグ並みの将軍が出現し、斉をほぼ滅亡寸前まで追い詰める。これが秦が一強となる遠因となった。",https://podcasts.apple.com/jp/podcast/22-%E3%82%AD%E3%83%B3%E3%82%B0%E3%83%80%E3%83%A0sp-%E7%A7%A6%E3%81%AE%E5%A7%8B%E7%9A%87%E5%B8%9D-%E7%A7%A6%E3%82%92%E7%9B%9B%E3%82%8A%E4%B8%8A%E3%81%92%E3%81%9F%E6%BC%A2%E3%81%9F%E3%81%A1-coten-radio/id1450522865?i=1000435218371,/feed/aHR0cHM6Ly9hbmNob3IuZm0vcy84YzIwODhjL3BvZGNhc3QvcnNz/episode/ZTViOTJjOWUtY2U5MS0yY2RjLTI0ZDItZDBiMGEyZmZkMmJk?ved=0COMBEM7CAmoXChMIsIekt_3g6QIVAAAAAB0AAAAAEAY,/watch?v=Prorhdit6TQ
23,キングダムSP 秦の始皇帝 ―暴君？名君？始皇帝ってどんな人,始皇帝,中国,"【ポイント】
①始皇帝は頭のキレる現実主義者で、中華統一の最終ゴールを決めた人
②本人があまりに優秀だったので、決裁権をあまり人に渡さず全部自分でやっていた。暗殺されまくったので人もあまり信用しなかった
③中華統一前も後も酒色に耽けたりせず勤勉でストイックなハードワーカーだった
",https://podcasts.apple.com/jp/podcast/23-%E3%82%AD%E3%83%B3%E3%82%B0%E3%83%80%E3%83%A0sp-%E7%A7%A6%E3%81%AE%E5%A7%8B%E7%9A%87%E5%B8%9D-%E6%9A%B4%E5%90%9B-%E5%90%8D%E5%90%9B-%E5%A7%8B%E7%9A%87%E5%B8%9D%E3%81%A3%E3%81%A6%E3%81%A9%E3%82%93%E3%81%AA%E4%BA%BA-coten-radio/id1450522865?i=1000436375794,/feed/aHR0cHM6Ly9hbmNob3IuZm0vcy84YzIwODhjL3BvZGNhc3QvcnNz/episode/MTc0MjY1OGItM2ZhZi0xOWRlLTFlZjMtNzdmNjBlM2VlMzNj?ved=0COEBEM7CAmoXChMIsIekt_3g6QIVAAAAAB0AAAAAEAY,/watch?v=pD3kj8ypgXA
24,キングダムSP 秦の始皇帝―不老不死を求めたわけ,始皇帝,中国,"【ポイント】
①始皇帝が不老不死を求めたのは、自分がなくては国が滅んでしまうという未来への凄まじい不安に囚われていたのかもしれない
②秦に攻め滅ぼされ、わけがわからないまま物凄く厳しい法律を敷かれてしまった他国民の不平不満というリアルもある
③秦の残したハードとソフトの遺産を上手く継承した漢帝国は、その後400年も続く史上空前の大帝国に発展した／",https://podcasts.apple.com/jp/podcast/24-%E3%82%AD%E3%83%B3%E3%82%B0%E3%83%80%E3%83%A0sp-%E7%A7%A6%E3%81%AE%E5%A7%8B%E7%9A%87%E5%B8%9D-%E4%B8%8D%E8%80%81%E4%B8%8D%E6%AD%BB%E3%82%92%E6%B1%82%E3%82%81%E3%81%9F%E3%82%8F%E3%81%91-coten-radio/id1450522865?i=1000437617906,/feed/aHR0cHM6Ly9hbmNob3IuZm0vcy84YzIwODhjL3BvZGNhc3QvcnNz/episode/ZGMwMWY3MDItZTg0YS02YWM0LWY5NTctZmQ2M2ZkOTAwYWNl?ved=0CN8BEM7CAmoXChMIsIekt_3g6QIVAAAAAB0AAAAAEAY,/watch?v=lmOSymPmiWc
25,三国時代を創った男 ― 諸葛孔明,諸葛孔明,中国,"【ポイント】
①「三国時代」は諸葛孔明なしには生まれなかった時代
②史実の諸葛孔明は軍師ではなく、組織と国家のマネジメントを担った万能宰相
③諸葛孔明や劉備たちが活躍した後漢末は戦乱で人口が激減し、優秀な官僚が惨殺されていった文字通り「世紀末」な時代だった",https://podcasts.apple.com/jp/podcast/25-%E4%B8%89%E5%9B%BD%E6%99%82%E4%BB%A3%E3%82%92%E5%89%B5%E3%81%A3%E3%81%9F%E7%94%B7-%E8%AB%B8%E8%91%9B%E5%AD%94%E6%98%8E-coten-radio/id1450522865?i=1000438266560,/feed/aHR0cHM6Ly9hbmNob3IuZm0vcy84YzIwODhjL3BvZGNhc3QvcnNz/episode/Nzg4YTlhOTMtODQ5Zi04MWRmLTVjMjctNzFkNjllY2MyYmZm?ved=0CN0BEM7CAmoXChMIsIekt_3g6QIVAAAAAB0AAAAAEAY,/watch?v=6wxHAsMJt2Q
26,諸葛孔明 ― 後漢末期の世紀末過ぎる実態とは！？,諸葛孔明,中国,"【ポイント】
①諸葛孔明と劉備たちは『スラムダンク』の湘北、弱者が遥か高みの強者に挑み、爪痕を残した物語
②始皇帝統一後わずか15年で終わった秦の遺産を引き継いだ漢は400年以上続き、国としての「中国」の原型となった
③漢帝国は400年も続いた。漢の人たちは何代にも亘って代を重ねて平穏の中で生きてきたので、この世界、この平和は永遠に続くと恐らく誰もが思っていた。しかし・・・",https://podcasts.apple.com/jp/podcast/26-%E8%AB%B8%E8%91%9B%E5%AD%94%E6%98%8E-%E5%BE%8C%E6%BC%A2%E6%9C%AB%E6%9C%9F%E3%81%AE%E4%B8%96%E7%B4%80%E6%9C%AB%E9%81%8E%E3%81%8E%E3%82%8B%E5%AE%9F%E6%85%8B%E3%81%A8%E3%81%AF-coten-radio/id1450522865?i=1000438855073,/feed/aHR0cHM6Ly9hbmNob3IuZm0vcy84YzIwODhjL3BvZGNhc3QvcnNz/episode/NGY2NWI5NmQtYmMwMi05Yzk1LTdkN2UtYTc0ZDYxZTFlZDI1?ved=0CNsBEM7CAmoXChMIsIekt_3g6QIVAAAAAB0AAAAAEAY,/watch?v=xeP3tHA3Lsc
27,諸葛孔明 ― 超絶脳筋集団の頭領・劉備との出会い,諸葛孔明,中国,"【ポイント】
①後に孔明の君主となる劉備は靴を編んで生計を立てていた自称王族の末裔のおじさんだった
②あらゆるステータスで曹操と孫権に負けていた劉備だったが脳筋系の男たちからの人望だけはあった
③諸葛孔明は幼い時から戦乱のために住む場所を転々とし、更に親も保護者も亡くしていた",https://podcasts.apple.com/jp/podcast/27-%E8%AB%B8%E8%91%9B%E5%AD%94%E6%98%8E-%E8%B6%85%E7%B5%B6%E8%84%B3%E7%AD%8B%E9%9B%86%E5%9B%A3%E3%81%AE%E9%A0%AD%E9%A0%98-%E5%8A%89%E5%82%99%E3%81%A8%E3%81%AE%E5%87%BA%E4%BC%9A%E3%81%84-coten-radio/id1450522865?i=1000439118274,/feed/aHR0cHM6Ly9hbmNob3IuZm0vcy84YzIwODhjL3BvZGNhc3QvcnNz/episode/YTZiYzM1OGUtMGQwYy05OGUwLWE0MjctODg3MTM3YjhhOWUx?ved=0CNkBEM7CAmoXChMIsIekt_3g6QIVAAAAAB0AAAAAEAY,/watch?v=l0npJp0lV1o
28,諸葛孔明 ― 劉備が人生で初めて受けた戦略コンサルティング 天下三分の計,諸葛孔明,中国,"【ポイント】
①諸葛孔明の緻密かつ論理的な情勢分析に基づいた天下三分の計は劉備が人生で初めて受けた「戦略コンサルティング」
②天下三分の計の主眼は「劉備の創業」と「国盗りを強行して三国という相互牽制状態の創出」であり、「中華統一」と「漢室復興」を最終目標としていた
③三顧の礼から14年後に諸葛孔明は本当に劉備を皇帝の座に着かせ蜀を建国させることに成功する",https://podcasts.apple.com/jp/podcast/28-%E8%AB%B8%E8%91%9B%E5%AD%94%E6%98%8E-%E5%8A%89%E5%82%99%E3%81%8C%E4%BA%BA%E7%94%9F%E3%81%A7%E5%88%9D%E3%82%81%E3%81%A6%E5%8F%97%E3%81%91%E3%81%9F%E6%88%A6%E7%95%A5%E3%82%B3%E3%83%B3%E3%82%B5%E3%83%AB%E3%83%86%E3%82%A3%E3%83%B3%E3%82%B0-%E5%A4%A9%E4%B8%8B%E4%B8%89%E5%88%86%E3%81%AE%E8%A8%88-coten-radio/id1450522865?i=1000439440201,/feed/aHR0cHM6Ly9hbmNob3IuZm0vcy84YzIwODhjL3BvZGNhc3QvcnNz/episode/MGJmMzU2NzktMzc1OS1kZTFjLWI0OTAtNzNjMDFhNjEyYjY2?ved=0CNcBEM7CAmoXChMIsIekt_3g6QIVAAAAAB0AAAAAEAY,/watch?v=CknCaKKH2-Y
29,諸葛孔明 ― 危機に立ち、過労で死ぬ。,諸葛孔明,中国,"【ポイント】
①劉備、関羽、張飛ら創業者一族が相次いで死に、蜀の興亡は諸葛孔明一人の肩にのしかかる形となった
②支配地域に元からいた人たちにとって諸葛孔明たちはあくまで「よそ者の政権」だったため支持率が低く、蜀は空中分解一歩手前なベンチャー企業のような状況だった
③諸葛孔明は残りの全生涯を蜀の延命に注ぎ込み、最期は過労で亡くなった",https://podcasts.apple.com/jp/podcast/29-%E8%AB%B8%E8%91%9B%E5%AD%94%E6%98%8E-%E5%8D%B1%E6%A9%9F%E3%81%AB%E7%AB%8B%E3%81%A1-%E9%81%8E%E5%8A%B4%E3%81%A7%E6%AD%BB%E3%81%AC-coten-radio/id1450522865?i=1000440128807,/feed/aHR0cHM6Ly9hbmNob3IuZm0vcy84YzIwODhjL3BvZGNhc3QvcnNz/episode/OWQ0MDkzMmYtOWQ1NS1jYjI4LTZkYWEtMDhiOGUwMWNlOTBj?ved=0CNUBEM7CAmoXChMIsIekt_3g6QIVAAAAAB0AAAAAEAY,/watch?v=wyyA9GIcqq8
30,かっこよすぎて震える！諸葛孔明の人生の美学,諸葛孔明,中国,"【ポイント】
①諸葛孔明の死後、蜀はこれといった内乱もなく30年も存続できたのは普通に凄い
②結局、三国時代はどこも中華を統一できずに終わった儚い時代
③諸葛孔明は「自分のエネルギーを最大限リリースできるかどうか」を人生選択の基準とし、劉備を得たことで自分を輝かせられた",https://podcasts.apple.com/jp/podcast/30-%E3%81%8B%E3%81%A3%E3%81%93%E3%82%88%E3%81%99%E3%81%8E%E3%81%A6%E9%9C%87%E3%81%88%E3%82%8B-%E8%AB%B8%E8%91%9B%E5%AD%94%E6%98%8E%E3%81%AE%E4%BA%BA%E7%94%9F%E3%81%AE%E7%BE%8E%E5%AD%A6-coten-radio/id1450522865?i=1000440437009,/feed/aHR0cHM6Ly9hbmNob3IuZm0vcy84YzIwODhjL3BvZGNhc3QvcnNz/episode/NWMyNjFkZWItZWM2Ny1hNGZlLWIyMzctYTI1ZjIyY2U3MTRh?ved=0CNMBEM7CAmoXChMIsIekt_3g6QIVAAAAAB0AAAAAEAY,/watch?v=eFQJPmOBQCY
31,諸葛孔明 ― 性格占いで占ってみた！,諸葛孔明,中国,"【ポイント】
①諸葛孔明はデータに対して緻密な経営者。国の財務諸表には全て目を通していた
②諸葛孔明は二番手にいてこそ輝く人物だったが、蜀の危機に際して自らが表に立ってリーダーをやらざるを得ない状況にあった
③時代背景と人物の選択とを照らし合わせて浮かび上がる人間像と、今の自分と比べてみることで自分自身のことをより深く理解できるのが歴史の醍醐味",https://podcasts.apple.com/jp/podcast/31-%E8%AB%B8%E8%91%9B%E5%AD%94%E6%98%8E-%E6%80%A7%E6%A0%BC%E5%8D%A0%E3%81%84%E3%81%A7%E5%8D%A0%E3%81%A3%E3%81%A6%E3%81%BF%E3%81%9F-coten-radio/id1450522865?i=1000440724496,/feed/aHR0cHM6Ly9hbmNob3IuZm0vcy84YzIwODhjL3BvZGNhc3QvcnNz/episode/ZmI3M2NkOWEtMzE0Ny1kMzc5LWE0N2QtMWRiOGI4MjJiNTJl?ved=0CNEBEM7CAmoXChMIsIekt_3g6QIVAAAAAB0AAAAAEAY,/watch?v=9VSzJnQih6Y
32,世界三大宗教を創ったレジェンドたちのぶっ飛んだ生涯！,宗教,,"【ポイント】
①宗教は人類に対し最も長く、広く、深く影響を与えた価値観である
②宗教は他の価値観とは精神への根ざし方が違い、人の根本の存在意義を決める価値観である。宗教に付随する「デリケートさ」はその「譲れなさ」から流れ出ている
③三大宗教の創始者は生きている間の社会的成果よりも、死んだ後の思想的影響によって人類の精神に革命をもたらし、既存価値観の破壊を導いたことに共通点がある",https://podcasts.apple.com/jp/podcast/32-%E4%B8%96%E7%95%8C%E4%B8%89%E5%A4%A7%E5%AE%97%E6%95%99%E3%82%92%E5%89%B5%E3%81%A3%E3%81%9F%E3%83%AC%E3%82%B8%E3%82%A7%E3%83%B3%E3%83%89%E3%81%9F%E3%81%A1%E3%81%AE%E3%81%B6%E3%81%A3%E9%A3%9B%E3%82%93%E3%81%A0%E7%94%9F%E6%B6%AF-coten-radio/id1450522865?i=1000442241544,/feed/aHR0cHM6Ly9hbmNob3IuZm0vcy84YzIwODhjL3BvZGNhc3QvcnNz/episode/MTg0YmExZjAtZDFjYi0yYjllLWQxMTEtNzM2MzgyMTVmOWQz?ved=0CM0BEM7CAmoXChMIsIekt_3g6QIVAAAAAB0AAAAAEAY,/watch?v=SkjmNMpGz3g
33,イエスはなぜ政治犯として処刑されたのか？,宗教,,"【ポイント】
①もともと人類の信仰形態は多神教がメジャーで、一神教はむしろ新しい価値観に属していた
②33歳で処刑されたイエスはそれまでどこにでもいるような身分の低い日雇い肉体労働者だった
③イエスが布教した期間はわずか1年半",https://podcasts.apple.com/jp/podcast/33-%E3%82%A4%E3%82%A8%E3%82%B9%E3%81%AF%E3%81%AA%E3%81%9C%E6%94%BF%E6%B2%BB%E7%8A%AF%E3%81%A8%E3%81%97%E3%81%A6%E5%87%A6%E5%88%91%E3%81%95%E3%82%8C%E3%81%9F%E3%81%AE%E3%81%8B-coten-radio/id1450522865?i=1000442497775,/feed/aHR0cHM6Ly9hbmNob3IuZm0vcy84YzIwODhjL3BvZGNhc3QvcnNz/episode/Nzk4ZmZkMzctNDZlNi1mOTQ2LWZhMDgtNDk4YTVmMDJmNjUx?ved=0CMsBEM7CAmoXChMIsIekt_3g6QIVAAAAAB0AAAAAEAY,/watch?v=KgCEYCNuK9o
34,イエスは救世主になるつもりはなかった！？,宗教,,"【ポイント】 
①弟子もユダヤ人もイエスを一方的に救世主として期待し、勝手に幻滅して見捨てた 
②それでもイエスは誰も恨まず、その死をもって愛を貫き通した 
③弟子たちはイエスの死後、凄まじい勢いで覚醒していく ",https://podcasts.apple.com/jp/podcast/34-%E3%82%A4%E3%82%A8%E3%82%B9%E3%81%AF%E6%95%91%E4%B8%96%E4%B8%BB%E3%81%AB%E3%81%AA%E3%82%8B%E3%81%A4%E3%82%82%E3%82%8A%E3%81%AF%E3%81%AA%E3%81%8B%E3%81%A3%E3%81%9F-coten-radio/id1450522865?i=1000442890417,/feed/aHR0cHM6Ly9hbmNob3IuZm0vcy84YzIwODhjL3BvZGNhc3QvcnNz/episode/ZjMyNTIzNTQtNTQ2My03YTA1LWZjMzQtZjAxMzFmMGRhMWEx?ved=0CMkBEM7CAmoXChMIsIekt_3g6QIVAAAAAB0AAAAAEAY,/watch?v=cNQX3yMh5z8
35,砂漠を駆ける激アツ！教祖・ムハンマド,宗教,,"【ポイント】 
①ムハンマドは40歳くらいまで普通の商人だった 
②神の前での平等を唱え、血縁や身分といった過去の積み重ねを神聖視する従来の価値観を全否定した 
③一代でアラビア半島を宗教的に統一し、生きているうちに勝利を成し遂げた稀有な教祖 ",https://podcasts.apple.com/jp/podcast/35-%E7%A0%82%E6%BC%A0%E3%82%92%E9%A7%86%E3%81%91%E3%82%8B%E6%BF%80%E3%82%A2%E3%83%84-%E6%95%99%E7%A5%96-%E3%83%A0%E3%83%8F%E3%83%B3%E3%83%9E%E3%83%89-coten-radio/id1450522865?i=1000443278903,/feed/aHR0cHM6Ly9hbmNob3IuZm0vcy84YzIwODhjL3BvZGNhc3QvcnNz/episode/NzI3ODY3NjItYzliNy1kYjQxLWE3NDUtMDMyYzU1YThjMDI4?ved=0CMcBEM7CAmoXChMIsIekt_3g6QIVAAAAAB0AAAAAEAY,/watch?v=JU0In4wemMo
36,美女500人との宴会より自己との対話・仏陀,宗教,,"【ポイント 】
①仏陀は何一つ不自由ない貴族の王子として生まれ、文武両道のスーパーエリートであったが、繊細で物思いに耽けがちな青年でもあった 
②宮殿の外の世の中の現実（病人、老人、貧者、死者）を目の当たりにし、自分もいずれあのようになるのかと悩みルートに突入する 
③美女たちのどんちゃん騒ぎが虚しくなって出家した ",https://podcasts.apple.com/jp/podcast/36-%E7%BE%8E%E5%A5%B3500%E4%BA%BA%E3%81%A8%E3%81%AE%E5%AE%B4%E4%BC%9A%E3%82%88%E3%82%8A%E8%87%AA%E5%B7%B1%E3%81%A8%E3%81%AE%E5%AF%BE%E8%A9%B1-%E4%BB%8F%E9%99%80-coten-radio/id1450522865?i=1000443576627,/feed/aHR0cHM6Ly9hbmNob3IuZm0vcy84YzIwODhjL3BvZGNhc3QvcnNz/episode/MmM3YmQ5MmMtOWJhOS1mYjYxLTE2YjktNGJkZDkzMTk3M2M3?ved=0CMUBEM7CAmoXChMIsIekt_3g6QIVAAAAAB0AAAAAEAY,/watch?v=wkvQyktqOtM
37,宗教王に、俺はなる！,宗教,,"【ポイント】
①「宗教」は近代にできた概念
②人間は特定の宗教を信仰した方がエネルギーを出しやすいが、一つの信仰に身を投げ入れることができない人もいる
③もし教祖になるのなら「半歩踏み出せ教」「生きていればいい教」「髪の毛みんな剃ったらいい教」を創りたい！",https://podcasts.apple.com/jp/podcast/37-%E5%AE%97%E6%95%99%E7%8E%8B%E3%81%AB-%E4%BF%BA%E3%81%AF%E3%81%AA%E3%82%8B-coten-radio/id1450522865?i=1000443911587,/feed/aHR0cHM6Ly9hbmNob3IuZm0vcy84YzIwODhjL3BvZGNhc3QvcnNz/episode/Zjg4ZDg4OWEtNmM2NC1lMGVlLTIzMWItNTdhYmMxMjllZDk3?ved=0CMMBEM7CAmoXChMIsIekt_3g6QIVAAAAAB0AAAAAEAY,/watch?v=4SS7u6h8iV8
38,宗教体験アンビリバボー！― 私たちが接した「宗教」たち,宗教,,"【ポイント】
①「神の声が聞こえる」と言う知り合いがそれなりにいた・・・どゆこと？ 
②家に帰ったら自分の部屋に知らないお坊さんが無言で鎮座して
③仕事仲間が「降霊」をやると知った時・・・さあどうする？",https://podcasts.apple.com/jp/podcast/38-%E5%AE%97%E6%95%99%E4%BD%93%E9%A8%93%E3%82%A2%E3%83%B3%E3%83%93%E3%83%AA%E3%83%90%E3%83%9C%E3%83%BC-%E7%A7%81%E3%81%9F%E3%81%A1%E3%81%8C%E6%8E%A5%E3%81%97%E3%81%9F-%E5%AE%97%E6%95%99-%E3%81%9F%E3%81%A1-coten-radio/id1450522865?i=1000444718142,/feed/aHR0cHM6Ly9hbmNob3IuZm0vcy84YzIwODhjL3BvZGNhc3QvcnNz/episode/M2QyODI5NWMtNWI2OS1iYjVmLTEwODQtYmRlYmRkNTNjNGM4?ved=0CMEBEM7CAmoXChMIsIekt_3g6QIVAAAAAB0AAAAAEAY,/watch?v=eLHA4irYh5U
39,独裁者ヒトラー！破滅へのカウントダウン,ヒトラー,ドイツ,"【ポイント】
 ①ヒトラードイツ人ではなくオーストリア人だった
 ②ヒトラーは人生を生きるエネルギーの殆どを「怒り」から生み出していた
 ③ヒトラーは30歳まで落ちこぼれのニートで家族のすねをかじって生きていた ",https://podcasts.apple.com/jp/podcast/39-%E7%8B%AC%E8%A3%81%E8%80%85%E3%83%92%E3%83%88%E3%83%A9%E3%83%BC-%E7%A0%B4%E6%BB%85%E3%81%B8%E3%81%AE%E3%82%AB%E3%82%A6%E3%83%B3%E3%83%88%E3%83%80%E3%82%A6%E3%83%B3-coten-radio/id1450522865?i=1000445517124,/feed/aHR0cHM6Ly9hbmNob3IuZm0vcy84YzIwODhjL3BvZGNhc3QvcnNz/episode/MDhjYTc4NDgtZmEzMC0xODQ0LWYzZjgtZDE1MGM2MmNjMWM0?ved=0CL0BEM7CAmoXChMIsIekt_3g6QIVAAAAAB0AAAAAEAY,/watch?v=q75j1z8T8y4
40,ヒトラー、30歳。ニート・無職・自称芸術家,ヒトラー,ドイツ,"【ポイント】
①叩き上げのエリートだった厳しい父と、過保護な母によって育てられた
②軍隊で初めて生きがいと居場所を見つけ、愛国心が満たされる経験をした
③私利私欲のない純度100％の愛国者であり、優秀な政治家というより激しやすい偏屈なアーティストだった
",https://podcasts.apple.com/jp/podcast/40-%E3%83%92%E3%83%88%E3%83%A9%E3%83%BC-30%E6%AD%B3-%E3%83%8B%E3%83%BC%E3%83%88-%E7%84%A1%E8%81%B7-%E8%87%AA%E7%A7%B0%E8%8A%B8%E8%A1%93%E5%AE%B6-coten-radio/id1450522865?i=1000445814892,/feed/aHR0cHM6Ly9hbmNob3IuZm0vcy84YzIwODhjL3BvZGNhc3QvcnNz/episode/ZGQ2ODJmMGYtZGVkYy0xZTQ5LTcwYTgtMzIwNzJmNTE3YmM5?ved=0CLsBEM7CAmoXChMIsIekt_3g6QIVAAAAAB0AAAAAEAY,/watch?v=aYSNX1DvLG8
41,ヒトラー、開花する演説の才能,ヒトラー,ドイツ,"【ポイント】
①第一次世界大戦の戦勝国は復讐のためドイツの領土、植民地、兵力を徹底的に削り、払い切れないほどの莫大な賠償金を課した
②戦後ドイツはハイパーインフレによって経済と社会保障が崩壊、出口の見えないボロボロの状態にあった
③軍で教育将校を任されたヒトラーは弁舌の才能を一気に開花させた",https://podcasts.apple.com/jp/podcast/41-%E3%83%92%E3%83%88%E3%83%A9%E3%83%BC-%E9%96%8B%E8%8A%B1%E3%81%99%E3%82%8B%E6%BC%94%E8%AA%AC%E3%81%AE%E6%89%8D%E8%83%BD-coten-radio/id1450522865?i=1000446122778,/feed/aHR0cHM6Ly9hbmNob3IuZm0vcy84YzIwODhjL3BvZGNhc3QvcnNz/episode/NjU4ODYyYTMtZjA0Mi0yMTZjLWM4OWEtNTc2YWNiYTc1MTZi?ved=0CLkBEM7CAmoXChMIsIekt_3g6QIVAAAAAB0AAAAAEAY,/watch?v=-vG3gGsTVgo
42,ヒトラーが弱小政党ナチスに加入したわけ,ヒトラー,ドイツ,"【ポイント】
①田舎の政治団体に過ぎなかったナチスはヒトラーが加入したのちメキメキと支持者とスポンサーを増やしていった
②ドイツ国民の絶望、怒り、不満への反動がナチスの台頭を支える世論となっていった
③ヒトラーの演説は聴衆の怒りと愛国心を最大限刺激するためのテンプレートに沿って計算されたパフォーマンスだった",https://podcasts.apple.com/jp/podcast/42-%E3%83%92%E3%83%88%E3%83%A9%E3%83%BC%E3%81%8C%E5%BC%B1%E5%B0%8F%E6%94%BF%E5%85%9A%E3%83%8A%E3%83%81%E3%82%B9%E3%81%AB%E5%8A%A0%E5%85%A5%E3%81%97%E3%81%9F%E3%82%8F%E3%81%91-coten-radio/id1450522865?i=1000446391133,/feed/aHR0cHM6Ly9hbmNob3IuZm0vcy84YzIwODhjL3BvZGNhc3QvcnNz/episode/NWYzMjFjMmUtYWI1ZC0zZjQxLTI5OWUtMmFkOTY4ZGFlNDFj?ved=0CLcBEM7CAmoXChMIsIekt_3g6QIVAAAAAB0AAAAAEAY,/watch?v=pq1YUfmWKBQ
43,ヒトラー・民主制が生んだ独裁,ヒトラー,ドイツ,"【ポイント】
①武力クーデターに失敗したヒトラーは、ナチスの戦略を民主選挙による政権奪取に切り替えた
②弁士養成学校を作りプロパガンダ人材の育成に力を入れ、同時にラジオを徹底活用するなど戦略的な選挙対策でナチスは支持率を上げていった
③民主制に反対の立場だったヒンデンブルグ大統領はヒトラーを首相に指名し、ヒトラー独裁の最後のひと押しの役割を果たした",https://podcasts.apple.com/jp/podcast/43-%E3%83%92%E3%83%88%E3%83%A9%E3%83%BC-%E6%B0%91%E4%B8%BB%E5%88%B6%E3%81%8C%E7%94%9F%E3%82%93%E3%81%A0%E7%8B%AC%E8%A3%81%E8%80%85-coten-radio/id1450522865?i=1000446696033,/feed/aHR0cHM6Ly9hbmNob3IuZm0vcy84YzIwODhjL3BvZGNhc3QvcnNz/episode/MzdjYzYzMTctODQ0ZC1kMjJlLTkwYTAtNmIxZmZmNzVhYzg5?ved=0CLUBEM7CAmoXChMIsIekt_3g6QIVAAAAAB0AAAAAEAY,/watch?v=QcAQ697q1Y0
44,そしてヒトラーは救国の英雄となった,ヒトラー,ドイツ,"【ポイント】
①ナチスは失業率の大幅な改善や景気対策の成功、強気の外交など目に見える実績を創り、益々ドイツ国民の支持を集めた
②東の広大な土地に進出することはゲルマン民族の発展に繋がるというファンタジーな「生存圏」構想をヒトラーはもっていた
③侵攻先の東方の国々で大勢のユダヤ人を抱え込むことになり、彼らを効率よく「処理」するために対ユダヤ人政策は「絶滅」へと切り替えられた",https://podcasts.apple.com/jp/podcast/44-%E3%81%9D%E3%81%97%E3%81%A6%E3%83%92%E3%83%88%E3%83%A9%E3%83%BC%E3%81%AF%E6%95%91%E5%9B%BD%E3%81%AE%E8%8B%B1%E9%9B%84%E3%81%A8%E3%81%AA%E3%81%A3%E3%81%9F-coten-radio/id1450522865?i=1000446917411,/feed/aHR0cHM6Ly9hbmNob3IuZm0vcy84YzIwODhjL3BvZGNhc3QvcnNz/episode/ZDZiZDg4ZjYtZTI4ZC01ZWQxLTc1YmItZWFlMmE5ZTdlZjlj?ved=0CLMBEM7CAmoXChMIsIekt_3g6QIVAAAAAB0AAAAAEAY,/watch?v=aMMOCaFpFYA
45,ホロコーストの悲劇・使命感でユダヤ人を虐殺したヒトラー ,ヒトラー,ドイツ,"【ポイント】
①ユダヤ人がキリスト教圏で差別される理由の一つに、ユダヤ人は歴史的に様々国で「優秀なマイノリティー」として存在した点が挙げられる
②ヒトラーは快楽のためではなく「使命感」に駆られてユダヤ人の虐殺をシステマチックに行い、人種の絶滅を目指した
③ユダヤ人虐殺に先立って障がい者の殺害が行われ、そこで使われた毒ガス技術が後の強制収容所のガス室に繋がっていく",https://podcasts.apple.com/jp/podcast/45-%E3%83%9B%E3%83%AD%E3%82%B3%E3%83%BC%E3%82%B9%E3%83%88%E3%81%AE%E6%82%B2%E5%8A%87-%E4%BD%BF%E5%91%BD%E6%84%9F%E3%81%A7%E3%83%A6%E3%83%80%E3%83%A4%E4%BA%BA%E3%82%92%E8%99%90%E6%AE%BA%E3%81%97%E3%81%9F%E3%83%92%E3%83%88%E3%83%A9%E3%83%BC-coten-radio/id1450522865?i=1000447186926,/feed/aHR0cHM6Ly9hbmNob3IuZm0vcy84YzIwODhjL3BvZGNhc3QvcnNz/episode/MTNmYTk4OTAtY2RiMS01YjM4LWY2ZmYtZmE4M2ZjZmNjN2E4?ved=0CLEBEM7CAmoXChMIsIekt_3g6QIVAAAAAB0AAAAAEAY,/watch?v=HDSujv29DQk
46,晩年は薬物中毒・ヒトラーの最期,ヒトラー,ドイツ,"【ポイント】 
①第二次世界大戦後半、ヒトラーは殆ど覚醒剤のヤク中状態だった
②危機的状況下では独裁制は突破力を発揮するが、一旦成立した独裁状態は独裁者自身が止めない限りずっと続く性質がある 
③怒り、恐怖、愛など、人を動かすエネルギーの種類によって社会での伝播と機能の仕方が違う ",https://podcasts.apple.com/jp/podcast/46-%E6%99%A9%E5%B9%B4%E3%81%AF%E8%96%AC%E7%89%A9%E4%B8%AD%E6%AF%92-%E3%83%92%E3%83%88%E3%83%A9%E3%83%BC%E3%81%AE%E6%9C%80%E6%9C%9F-coten-radio/id1450522865?i=1000447469984,/feed/aHR0cHM6Ly9hbmNob3IuZm0vcy84YzIwODhjL3BvZGNhc3QvcnNz/episode/MjA4NzhiMGItOTkyMy0wZDIwLWRmZGQtY2JhN2NkMjgxZGEx?ved=0CK8BEM7CAmoXChMIsIekt_3g6QIVAAAAAB0AAAAAEAY,/watch?v=8GRkaGwTPH0
47,フランス革命 ― Want you！ 市民のハートに、レボ☆リューション ！,フランス革命,フランス,"■ポイント
①従来の古い体制が限界を迎える時の世界と人間の動き方が分かる
②フランス革命はシステム（方法論）ベースではなくイデオロギー（理念）ベースでの破壊的な社会変革を目指した出来事であった点に特異性がある
③理念だけに燃えまくった30代前後の若者たちが革命の主役を張っていった",https://podcasts.apple.com/jp/podcast/47-%E3%83%95%E3%83%A9%E3%83%B3%E3%82%B9%E9%9D%A9%E5%91%BD-want-you-%E5%B8%82%E6%B0%91%E3%81%AE%E3%83%8F%E3%83%BC%E3%83%88%E3%81%AB-%E3%83%AC%E3%83%9C-%E3%83%AA%E3%83%A5%E3%83%BC%E3%82%B7%E3%83%A7%E3%83%B3-coten-radio/id1450522865?i=1000448601087,/feed/aHR0cHM6Ly9hbmNob3IuZm0vcy84YzIwODhjL3BvZGNhc3QvcnNz/episode/MGNkNDE2M2MtNmViNi02NGE1LTg2N2ItMmQxMGIzOWNmYzIy?ved=0CKcBEM7CAmoXChMIsIekt_3g6QIVAAAAAB0AAAAAEAY,/watch?v=NOiX7j7nbK8
48,フランス革命が勃発した3つの理由,フランス革命,フランス,"■ポイント
①フランス革命が起こった理由の一つは多額な戦費による国の財政破綻、つまり「お金の問題」だった
②既存の思想と体制の相対化とゼロベースでの解釈の再構築、さらに国の理想的なあり方と、それに至るまでの道筋と課題を言語化・体系化した「啓蒙思想」の誕生によって各階層の不満エネルギーが理論武装され、具体的な行動に落とし込まれていった
③封建体制が資本主義経済の進行とどんどん噛み合わなくなっていったのもフランス革命の原因の一つ",https://podcasts.apple.com/jp/podcast/48-%E3%83%95%E3%83%A9%E3%83%B3%E3%82%B9%E9%9D%A9%E5%91%BD%E3%81%8C%E5%8B%83%E7%99%BA%E3%81%97%E3%81%9F3%E3%81%A4%E3%81%AE%E7%90%86%E7%94%B1-coten-radio/id1450522865?i=1000449035439,/feed/aHR0cHM6Ly9hbmNob3IuZm0vcy84YzIwODhjL3BvZGNhc3QvcnNz/episode/Yjc3MTVmOWMtMWY3MS1kOGM1LWZkNzMtNDNjZDRjMzBjODRm?ved=0CKUBEM7CAmoXChMIsIekt_3g6QIVAAAAAB0AAAAAEAY,/watch?v=rl7nSTrTeSA
49,天才思想家にして変態紳士・ルソー,フランス革命,フランス,"【ポイント】
①ルソーの『社会契約論』はフランス革命のバイブルとなり、今の私たちの生存権を保障してくれる出発点となった書物である
②ルソーは不良であり、ドMであり、マザコンであり、下半身露出癖のあるド変態だった
③ルソーのような人間性がとてもアンバランスな人から人類社会の変革をもたらした思想が生み出されたという事実自体が面白く、人の一側面、一つの業績ないし悪行だけでその人を評価するのはあまり意味のないこと",https://podcasts.apple.com/jp/podcast/49-%E5%A4%A9%E6%89%8D%E6%80%9D%E6%83%B3%E5%AE%B6%E3%81%AB%E3%81%97%E3%81%A6%E5%A4%89%E6%85%8B%E7%B4%B3%E5%A3%AB-%E3%83%AB%E3%82%BD%E3%83%BC-coten-radio/id1450522865?i=1000449428361,/feed/aHR0cHM6Ly9hbmNob3IuZm0vcy84YzIwODhjL3BvZGNhc3QvcnNz/episode/YWI4MzZiNDYtYTNlOC04ZDYwLWJlOWEtMzlhYTRkNWU1ZDQ4?ved=0CKMBEM7CAmoXChMIsIekt_3g6QIVAAAAAB0AAAAAEAY,/watch?v=3t9yRIyXl1w
50,フランス革命 ― 民衆、最初の反抗！球戯場の誓い,フランス革命,フランス,"【ポイント】
①フランスの財政を改革するために何人も宰相が立てられるがことごとく既得権益の特権階級に潰されてしまう
②特権階級たちが自分たちの権益を守るために実施した「三部会」が皮肉にもブルジョワら第三身分の国政参入の道を拓き、フランス革命の火蓋となった
③国政での意見主張と社会の改革への期待、そして期待が裏切られた時の民衆の失望がフランス革命の最初のエネルギーとなった
",https://podcasts.apple.com/jp/podcast/50-%E3%83%95%E3%83%A9%E3%83%B3%E3%82%B9%E9%9D%A9%E5%91%BD-%E6%B0%91%E8%A1%86-%E6%9C%80%E5%88%9D%E3%81%AE%E5%8F%8D%E6%8A%97-%E7%90%83%E6%88%AF%E5%A0%B4%E3%81%AE%E8%AA%93%E3%81%84-coten-radio/id1450522865?i=1000449889317,/feed/aHR0cHM6Ly9hbmNob3IuZm0vcy84YzIwODhjL3BvZGNhc3QvcnNz/episode/ZmE3ZjUyMjMtMGNjYy02YmJkLTc4ZDAtNjNiNWFmNTFjMGJi?ved=0CKEBEM7CAmoXChMIsIekt_3g6QIVAAAAAB0AAAAAEAY,/watch?v=Q-kkq2aZt2o
51,フランス革命 ― ついにキレた民衆の大暴動・バスティーユ牢獄陥落！,フランス革命,フランス,"【ポイント】
①貧民たちによる難攻不落であるはずのバスティーユ牢獄の陥落は特権階級やブルジョワも含めて誰も予想だにしなかったくらい衝撃的な事件だった
②バスティーユ牢獄襲撃に加え、パリジェンヌたちがルイ16世と妃であるマリー・アントワネットをヴェルサイユ宮殿からほぼ拉致同然でパリに連行する「ヴェルサイユ行進」という凄まじい事件も起こり特権階級をビビらせた
③自らの特権を放棄する特権階級も現れ、歴史的な『フランス人権宣言』が成立する",https://podcasts.apple.com/jp/podcast/51-%E3%83%95%E3%83%A9%E3%83%B3%E3%82%B9%E9%9D%A9%E5%91%BD-%E3%81%A4%E3%81%84%E3%81%AB%E3%82%AD%E3%83%AC%E3%81%9F%E6%B0%91%E8%A1%86%E3%81%AE%E5%A4%A7%E6%9A%B4%E5%8B%95-%E3%83%90%E3%82%B9%E3%83%86%E3%82%A3%E3%83%BC%E3%83%A6%E7%89%A2%E7%8D%84%E9%99%A5%E8%90%BD-coten-radio/id1450522865?i=1000450269925,/feed/aHR0cHM6Ly9hbmNob3IuZm0vcy84YzIwODhjL3BvZGNhc3QvcnNz/episode/NzE1MmNlM2UtMWQwYS02OTJhLWNkYTctZWI4MjRkZDkxZDdi?ved=0CJ8BEM7CAmoXChMIsIekt_3g6QIVAAAAAB0AAAAAEAY,/watch?v=KF11h8fv-Q0
52,フランス革命 ― 地に堕ちた王室への信頼,フランス革命,フランス,"【ポイント】
①革命初期の中心的指導者であり、君主制存続派であり、国民に絶大な人気を誇った貴族出身の第三身分議員・ミラボーの死によって、王家は民衆（議会）との繋ぎ役を失ってしまった
②ルイ16世とマリー・アントワネットは国外逃亡を企てるが失敗、民衆に発見されパリに連れて戻される。これがきっかけとなり民衆の王家に対する信頼は失墜した
③外交経験のない若い政治家の勘違いと自分が助かることしか考えない王家によってフランスは強国・オーストリアとしなくてもいい戦争を始めた",https://podcasts.apple.com/jp/podcast/52-%E3%83%95%E3%83%A9%E3%83%B3%E3%82%B9%E9%9D%A9%E5%91%BD-%E5%9C%B0%E3%81%AB%E5%A0%95%E3%81%A1%E3%81%9F%E7%8E%8B%E5%AE%A4%E3%81%B8%E3%81%AE%E4%BF%A1%E9%A0%BC-coten-radio/id1450522865?i=1000450757677,/feed/aHR0cHM6Ly9hbmNob3IuZm0vcy84YzIwODhjL3BvZGNhc3QvcnNz/episode/YmVlOTJkNjYtMDhkMC1jYTE2LTVjNmItNjg1MmNmNWM0MzM4?ved=0CJ0BEM7CAmoXChMIsIekt_3g6QIVAAAAAB0AAAAAEAY,/watch?v=5cyc8zJJbUg
53,ルイ16世とマリー・アントワネット、ギロチンに散る,フランス革命,フランス,"【ポイント】
①オーストリア軍は戦争自体にあまりやる気がなく、加えてパリまで攻め込まれて頭に血が上っていたフランス軍のイカれた様子にドン引きして戦略的撤退を決めた
②戦争が落ち着き、投票で王様の処遇を決めることになり、1票差（※諸説あり）でルイ16世の死刑が決まった。妃のマリー・アントワネットもこの時処刑される
③人道的な目的のためギロチンの刃を斜めに改良するよう提案したのはルイ16世本人である。そのギロチンで彼は死ぬことになった",https://podcasts.apple.com/jp/podcast/53-%E3%83%AB%E3%82%A416%E4%B8%96%E3%81%A8%E3%83%9E%E3%83%AA%E3%83%BC-%E3%82%A2%E3%83%B3%E3%83%88%E3%83%AF%E3%83%8D%E3%83%83%E3%83%88-%E3%82%AE%E3%83%AD%E3%83%81%E3%83%B3%E3%81%AB%E6%95%A3%E3%82%8B-coten-radio/id1450522865?i=1000451215166,/feed/aHR0cHM6Ly9hbmNob3IuZm0vcy84YzIwODhjL3BvZGNhc3QvcnNz/episode/ZjAwNzdiMjQtODdiZS1lNWQzLWQ5ZmItZDRlYjgyMjdjMmZj?ved=0CJsBEM7CAmoXChMIsIekt_3g6QIVAAAAAB0AAAAAEAY,/watch?v=mra61k4wzgY
54,正義の化身・ロベスピエールによる恐怖政治・テルミドール9日のクーデタ―,フランス革命,フランス,"【ポイント】
①「民衆による国王の処刑」は激震となって周辺国に広がり、フランスはオーストリアを除くヨーロッパ中の王国から宣戦布告されてしまう
②フランスは外圧に対抗するため挙国一致体制に走り、ロベスピエールらジャコバン派による強権的な恐怖政治が始まる
③ロベスピエールは強烈な倫理観で生きている正義の化身のような人。貧しい民衆に味方し、王を処刑させ、フランス革命を徹底的に貫徹した立役者。政敵を殺しまくり、最後は自分もギロチンにかけられた",https://podcasts.apple.com/jp/podcast/54-%E6%AD%A3%E7%BE%A9%E3%81%AE%E5%8C%96%E8%BA%AB-%E3%83%AD%E3%83%99%E3%82%B9%E3%83%94%E3%82%A8%E3%83%BC%E3%83%AB%E3%81%AB%E3%82%88%E3%82%8B%E6%81%90%E6%80%96%E6%94%BF%E6%B2%BB-%E3%83%86%E3%83%AB%E3%83%9F%E3%83%89%E3%83%BC%E3%83%AB9%E6%97%A5%E3%81%AE%E3%82%AF%E3%83%BC%E3%83%87%E3%82%BF-coten-radio/id1450522865?i=1000451679804,/feed/aHR0cHM6Ly9hbmNob3IuZm0vcy84YzIwODhjL3BvZGNhc3QvcnNz/episode/NjE4ZTk1MWItY2Q3Ny1jNjdhLWNmYmYtNGY4ZjJkZmUzNDlh?ved=0CJkBEM7CAmoXChMIsIekt_3g6QIVAAAAAB0AAAAAEAY,/watch?v=3m3DFuhX1c4
55,戦争天才・ナポレオン！敵は、全欧州。,フランス革命,フランス,"【ポイント】
①政治合意の場に軍の力が利用されることが多くなり、さらにほぼ全ヨーロッパが敵に回った対仏大同盟という外的脅威もあって、フランスでの軍の発言力が増大する
②国内の混迷と外敵の恐怖を克服してくれる強力なリーダーシップという社会要請の中でナポレオンが満を持して時代に迎えられた
③ナポレオンは戦争の天才であり、統治の才能も持っていたカリスマだった。もし彼がいなければフランスが地図上から消滅していた可能性もあった",https://podcasts.apple.com/jp/podcast/55-%E6%88%A6%E4%BA%89%E5%A4%A9%E6%89%8D-%E3%83%8A%E3%83%9D%E3%83%AC%E3%82%AA%E3%83%B3-%E6%95%B5%E3%81%AF-%E5%85%A8%E6%AC%A7%E5%B7%9E-coten-radio/id1450522865?i=1000452080013,/feed/aHR0cHM6Ly9hbmNob3IuZm0vcy84YzIwODhjL3BvZGNhc3QvcnNz/episode/YzI4MTk0ODUtNGIyNy1iNDE1LTY3MjgtMzNhOGJiZGYwYTVm?ved=0CJcBEM7CAmoXChMIsIekt_3g6QIVAAAAAB0AAAAAEAY,/watch?v=gWdeqktXUsA
56,インド独立の父・ガンディー ― 偉大なる聖者の行進,ガンディー,インド,"【ガンディーの偉人度スペック】
①怒りではなく愛をベースとした思想と行動を貫いた
②不条理に対し決して服従しなかった
④戦略とロジックに裏打ちされた実行力と組織マネジメント力を持って積極的に社会運動を展開した
⑤ことさらに言葉で自分を飾ったり演出したりせず、実際に行動して成果を出し、カリスマと崇められた
⑥暴力を使わず、自分の仲間にも使わせず、「非暴力」というあまりにも理念すぎるあり方を、現実社会を変える強力なエネルギーに転換させた",https://podcasts.apple.com/jp/podcast/56-%E3%82%A4%E3%83%B3%E3%83%89%E7%8B%AC%E7%AB%8B%E3%81%AE%E7%88%B6-%E3%82%AC%E3%83%B3%E3%83%87%E3%82%A3%E3%83%BC-%E5%81%89%E5%A4%A7%E3%81%AA%E3%82%8B%E8%81%96%E8%80%85%E3%81%AE%E8%A1%8C%E9%80%B2-coten-radio/id1450522865?i=1000453367974,/feed/aHR0cHM6Ly9hbmNob3IuZm0vcy84YzIwODhjL3BvZGNhc3QvcnNz/episode/YzE0YzdjNjUtYTZiMi01ZTY0LWE1ZTktY2MwMDIwNjA4ZTNl?ved=0CJEBEM7CAmoXChMIsIekt_3g6QIVAAAAAB0AAAAAEAY,/watch?v=SNuvY0_4n-I
57,しくじり聖者・ガンディー ― ポンコツすぎる弁護士時代,ガンディー,インド,"【ポイント】
①子ども時代のガンディーはそこそこ勉強できたが、タバコ吸ったりお金を盗んだりと、かなりのやんちゃ坊主だった
②幼児婚の慣習に従い13歳で結婚させられる。嫉妬心が深く妻のカストゥルバを軟禁したあげくDVを振るったこともあった
③大学の授業について行けず中退し、家族がかき集めたお金で逃げるようにイギリス留学に飛び立った",https://podcasts.apple.com/jp/podcast/57-%E3%81%97%E3%81%8F%E3%81%98%E3%82%8A%E8%81%96%E8%80%85-%E3%82%AC%E3%83%B3%E3%83%87%E3%82%A3%E3%83%BC-%E3%83%9D%E3%83%B3%E3%82%B3%E3%83%84%E3%81%99%E3%81%8E%E3%82%8B%E5%BC%81%E8%AD%B7%E5%A3%AB%E6%99%82%E4%BB%A3-coten-radio/id1450522865?i=1000453778476,/feed/aHR0cHM6Ly9hbmNob3IuZm0vcy84YzIwODhjL3BvZGNhc3QvcnNz/episode/NzA4MDQxYjQtZTYyZC0wMTllLWJjNGEtNjI3MTY2NzEzOTBl?ved=0CI8BEM7CAmoXChMIsIekt_3g6QIVAAAAAB0AAAAAEAY,/watch?v=0dr-M6EoZBw
58,ガンディーの逆転人生！原点は南アフリカの凄惨すぎる人種差別,ガンディー,インド,"【ポイント】
①仕事で行った南アフリカでガンディーはイギリスの植民地だった自国と比べ物にならないほどの凄惨な人種差別を目の当たりにした
②白人によって列車から放り出されたガンディーは「いま南アフリカで何が起こっているのか？」「自分はどうすべきなのか？」を一晩中考えた
③南アフリカで弁護士として出世し、同時に以後20年間現地で差別撤廃運動を組織的に実行した",https://podcasts.apple.com/jp/podcast/58-%E3%82%AC%E3%83%B3%E3%83%87%E3%82%A3%E3%83%BC%E3%81%AE%E9%80%86%E8%BB%A2%E4%BA%BA%E7%94%9F-%E5%8E%9F%E7%82%B9%E3%81%AF%E5%8D%97%E3%82%A2%E3%83%95%E3%83%AA%E3%82%AB%E3%81%AE%E5%87%84%E6%83%A8%E3%81%99%E3%81%8E%E3%82%8B%E4%BA%BA%E7%A8%AE%E5%B7%AE%E5%88%A5-coten-radio/id1450522865?i=1000454223239,/feed/aHR0cHM6Ly9hbmNob3IuZm0vcy84YzIwODhjL3BvZGNhc3QvcnNz/episode/ZDU3NTgyZWEtZmQ1OC00MGQwLTdiM2ItZWQ2OWY4YjQ0M2Ji?ved=0CI0BEM7CAmoXChMIsIekt_3g6QIVAAAAAB0AAAAAEAY,/watch?v=sGUMrY9EUec
59,ガンディーのサティヤーグラハ・非暴力不服従！そして伝説へ,ガンディー,インド,"【ポイント】 
①ヒンドゥー教の聖典『バガヴァッド・ギーター』から抽出した「非暴力不服従」の真理を「サティヤーグラハ（真理の堅持）」と名付けて具体的な社会運動に落とし込んだ 
②自身はヒンドゥー教徒の上流カーストでありながら、カースト、宗教、貧富の違いを超えた運動を展開し、寛容の実現を圧倒的な熱量と戦略で目指したところにガンディーの革命性があった 
③ガンディーとヒトラーは同時代に生き、全く正反対のあり方で世界に影響を与えた人物。それぞれが後世にどのような影響を与えたのか比べてみると、よりクリアに歴史の面白さが分かる ",https://podcasts.apple.com/jp/podcast/59-%E3%82%AC%E3%83%B3%E3%83%87%E3%82%A3%E3%83%BC%E3%81%AE%E3%82%B5%E3%83%86%E3%82%A3%E3%83%A4%E3%83%BC%E3%82%B0%E3%83%A9%E3%83%8F-%E9%9D%9E%E6%9A%B4%E5%8A%9B%E4%B8%8D%E6%9C%8D%E5%BE%93-%E3%81%9D%E3%81%97%E3%81%A6%E4%BC%9D%E8%AA%AC%E3%81%B8-coten-radio/id1450522865?i=1000454668360,/feed/aHR0cHM6Ly9hbmNob3IuZm0vcy84YzIwODhjL3BvZGNhc3QvcnNz/episode/Y2Y2YzJhNjUtZTU1OC0xNmM2LWUxYzAtODZlZjZkNWQzMWI3?ved=0CIsBEM7CAmoXChMIsIekt_3g6QIVAAAAAB0AAAAAEAY,/watch?v=_B3TdbvuxxI
60,ガンディー！イギリスへの超絶「塩」対応,ガンディー,インド,"【ポイント】
①サティヤーグラハ（非暴力不服従）は成功できる！と南アフリカでの運動を通じて確信を得たガンディーは、いよいよインドでも展開を始める
②インド独立に向けた具体的な活動として「塩の行進」を発案。「みんなで海岸に塩を拾いに行く」という、一見して意味不明なアイデアに思われた
③ガンディーは「塩の行進」を緻密な戦略と計画をもとに実施し世界を震撼させ、インド独立の間接的な要因となった",https://podcasts.apple.com/jp/podcast/60-%E3%82%AC%E3%83%B3%E3%83%87%E3%82%A3%E3%83%BC-%E3%82%A4%E3%82%AE%E3%83%AA%E3%82%B9%E3%81%B8%E3%81%AE%E8%B6%85%E7%B5%B6-%E5%A1%A9-%E5%AF%BE%E5%BF%9C-coten-radio/id1450522865?i=1000455179543,/feed/aHR0cHM6Ly9hbmNob3IuZm0vcy84YzIwODhjL3BvZGNhc3QvcnNz/episode/ZmJkMWU3MTMtZDQ4OC03OTY0LTNkMzAtN2Y5Yzk3YmZhYzBk?ved=0CIkBEM7CAmoXChMIsIekt_3g6QIVAAAAAB0AAAAAEAY,/watch?v=WCMVH5eQfqw
61,ガンディー暗殺―ヒンドゥーとイスラムの埋まらない亀裂,ガンディー,インド,"【ポイント】
①第二次世界大戦などの情勢変化もあって、世論がどんどん変わっていく中、ガンディーの言うことに耳を傾け人は少なくなっていった
②ガンディー自身はカーストも宗教も越えた融和とインドの統合の実現を追求していたが、現実はヒンドゥーとイスラムの亀裂が拡大するばかりで、ガンディーは無力感に苛まれた
③ガンディーは、彼をヒンドゥーの裏切り者だと見なした敬虔なヒンドゥー教徒青年の手にかかり暗殺された",https://podcasts.apple.com/jp/podcast/61-%E3%82%AC%E3%83%B3%E3%83%87%E3%82%A3%E3%83%BC%E6%9A%97%E6%AE%BA-%E3%83%92%E3%83%B3%E3%83%89%E3%82%A5%E3%83%BC%E3%81%A8%E3%82%A4%E3%82%B9%E3%83%A9%E3%83%A0%E3%81%AE%E5%9F%8B%E3%81%BE%E3%82%89%E3%81%AA%E3%81%84%E4%BA%80%E8%A3%82-coten-radio/id1450522865?i=1000455532146,/feed/aHR0cHM6Ly9hbmNob3IuZm0vcy84YzIwODhjL3BvZGNhc3QvcnNz/episode/OTc1MDI2ZWItMGRkYy1kMWYxLTQ2NDQtMzk4NTU3OTM3OWNj?ved=0CIcBEM7CAmoXChMIsIekt_3g6QIVAAAAAB0AAAAAEAY,/watch?v=55srlYa1XZg
62,GOOD BYE 恐怖心！ガンディーをめざせ！,ガンディー,インド,"【ポイント】
①樋口：GPS的視点で自己認識することで運転中に迫ってくるトラックの威圧感を克服した
②深井：「弱みをさらけ出す恐怖」を捨てなければ経営やチームが崩壊することをベンチャー業界で学んだ
③楊：中国と日本の狭間でアイデンティティクライシスに苦しんでいたが歴史の中に人間の姿を発見して救われた
（※訂正：楊の発言内に「イラン革命」とありましたが、正しくは「イラン・イラク戦争」です）",https://podcasts.apple.com/jp/podcast/62-good-bye-%E6%81%90%E6%80%96%E5%BF%83-%E3%82%AC%E3%83%B3%E3%83%87%E3%82%A3%E3%83%BC%E3%82%92%E3%82%81%E3%81%96%E3%81%9B-coten-radio/id1450522865?i=1000455834831,/feed/aHR0cHM6Ly9hbmNob3IuZm0vcy84YzIwODhjL3BvZGNhc3QvcnNz/episode/OGU0MDYyZjMtY2EzMi0yYTU2LWMyNWMtNDQyZWRmOWM1YjBl?ved=0CIUBEM7CAmoXChMIsIekt_3g6QIVAAAAAB0AAAAAEAY,/watch?v=PU6GiD4XUjE
63,アレクサンドロス大王 ― 人の夢は終わらねぇ！英雄列伝！,アレクサンドロス,ギリシャ,"【ポイント】
①アレクサンドロス大王は当時ヨーロッパ人が認識していた世界のほぼ全てを征服し「マケドニア王国の王」「エジプト王国のファラオ」「ペルシャ帝国の皇帝」を兼ね、文字通り「世界を統べる王」だった
②半分神様として仰がれ、なんなら自分のことも半ば神様だと自認していた人類トップレベルの自己肯定感の持ち主
③戦争での判断力が神レベル。即断即決即行動！王様なのに先陣を切って敵陣突入するのが大好物",https://podcasts.apple.com/jp/podcast/63-%E3%82%A2%E3%83%AC%E3%82%AF%E3%82%B5%E3%83%B3%E3%83%89%E3%83%AD%E3%82%B9%E5%A4%A7%E7%8E%8B-%E4%BA%BA%E3%81%AE%E5%A4%A2%E3%81%AF%E7%B5%82%E3%82%8F%E3%82%89%E3%81%AD%E3%81%87-%E8%8B%B1%E9%9B%84%E5%88%97%E4%BC%9D-coten-radio/id1450522865?i=1000456743492,/feed/aHR0cHM6Ly9hbmNob3IuZm0vcy84YzIwODhjL3BvZGNhc3QvcnNz/episode/Zjc1NDRkNjctM2ZmYS01ZWEzLTUyMzAtMmQ1MzllM2I5YWFl?ved=0CH8QzsICahcKEwiwh6S3_eDpAhUAAAAAHQAAAAAQBg,/watch?v=tnBQSDAiph8
64,アレクサンドロス大王 ― ろくでなしGREECE！ペルシャ戦争と覇権の変遷,アレクサンドロス,ギリシャ,"【ポイント】
①「ギリシャの都市国家群」と「多民族先進国家・ペルシャ帝国」との関係性はアレクサンドロス大王の時代背景を理解する上で重要。ギリシャ世界は色んな形で常にペルシャ帝国の影響を受けてきた
②アレクサンドロス大王の故郷であるマケドニア王国はギリシャ世界では辺境の野蛮な後進国として見られていた。中国の春秋戦国時代で言えば秦の立ち位置
③アテネ、スパルタ、テーベなど都市国家同士で戦争が続き、ギリシャ全体が慢性的に斜陽化していく中、勃興して行ったのが野蛮国と蔑まれたマケドニア王国だった",https://podcasts.apple.com/jp/podcast/64-%E3%82%A2%E3%83%AC%E3%82%AF%E3%82%B5%E3%83%B3%E3%83%89%E3%83%AD%E3%82%B9%E5%A4%A7%E7%8E%8B-%E3%82%8D%E3%81%8F%E3%81%A7%E3%81%AA%E3%81%97greece-%E3%83%9A%E3%83%AB%E3%82%B7%E3%83%A3%E6%88%A6%E4%BA%89%E3%81%A8%E8%A6%87%E6%A8%A9%E3%81%AE%E5%A4%89%E9%81%B7-coten-radio/id1450522865?i=1000457060791,/feed/aHR0cHM6Ly9hbmNob3IuZm0vcy84YzIwODhjL3BvZGNhc3QvcnNz/episode/MmQ2OTQ4YTUtZTA5Zi1hYTg1LTRlYjktYmZmODU4MmMxYTU1?ved=0CH0QzsICahcKEwiwh6S3_eDpAhUAAAAAHQAAAAAQBg,/watch?v=fjgCpe9ZykY
65,アレクサンドロス大王 ― すごいよ！！フィリッポス２世,アレクサンドロス,ギリシャ,"【ポイント】
①フィリッポス2世はアレクサンドロス大王と並ぶほどの実力を持つ不世出の父王
②フィリッポス2世は政治を安定させ、名君のお手本のような富国強兵政策と領土拡張をすることでマケドニア王国をギリシャNo1の強国に押し上げた
③国力の底上げが一通り完成したタイミングでフィリッポス2世は痴情のもつれで暗殺される。アレクサンドロスは全ての遺産を運良く受け継いだ",https://podcasts.apple.com/jp/podcast/65-%E3%82%A2%E3%83%AC%E3%82%AF%E3%82%B5%E3%83%B3%E3%83%89%E3%83%AD%E3%82%B9%E5%A4%A7%E7%8E%8B-%E3%81%99%E3%81%94%E3%81%84%E3%82%88-%E3%83%95%E3%82%A3%E3%83%AA%E3%83%83%E3%83%9D%E3%82%B9%EF%BC%92%E4%B8%96-coten-radio/id1450522865?i=1000457377406,/feed/aHR0cHM6Ly9hbmNob3IuZm0vcy84YzIwODhjL3BvZGNhc3QvcnNz/episode/NjNhMmRmNDEtZGNjZS0zNGNlLTUzZDMtMDRlNzVmY2YyMGM5?ved=0CHsQzsICahcKEwiwh6S3_eDpAhUAAAAAHQAAAAAQBg,/watch?v=TOvUumdOJpM
66,アレクサンドロスのヒーローアカデミア,アレクサンドロス,ギリシャ,"【ポイント】
①アレクサンドロス大王の母のオリンピアスはディオニューソス（バッカス）信仰の熱狂的な信者。トリップ状態に陥りながら蛇と性的に戯れるというパンチの利いたおふくろだった
②オリンピアスは、息子のアレクサンドロスはゼウスと自分の子どもであると思っていた節があり、自分を神だと思うアレクサンドロスのずば抜けた自己肯定感は母の育て方によるところが大きい
③ギリシャ最高の頭脳であるアリストテレスとスパルタ人から文武両道の教育を同世代の仲間（有力者の子息たち）とともに受けた。彼らは将来的にアリストテレス大王の側近としてマケドニア王国軍の中枢を担うようになる
",https://podcasts.apple.com/jp/podcast/66-%E3%82%A2%E3%83%AC%E3%82%AF%E3%82%B5%E3%83%B3%E3%83%89%E3%83%AD%E3%82%B9%E3%81%AE%E3%83%92%E3%83%BC%E3%83%AD%E3%83%BC%E3%82%A2%E3%82%AB%E3%83%87%E3%83%9F%E3%82%A2-coten-radio/id1450522865?i=1000457738423,/feed/aHR0cHM6Ly9hbmNob3IuZm0vcy84YzIwODhjL3BvZGNhc3QvcnNz/episode/YTBhNzJiYzItMTUxYS00NTBiLWE2YWItYjRlZWRjZWI1M2Rh?ved=0CHkQzsICahcKEwiwh6S3_eDpAhUAAAAAHQAAAAAQBg,/watch?v=W6qd0V4rziQ
67,世紀末リーダー伝アレクサンドロス ～グラニコス編～,アレクサンドロス,ギリシャ,"【ポイント】
①ペルシャ帝国に東征を始めた時のマケドニア王国は財政が崩壊寸前だった。アレクサンドロス大王の東征は一歩間違えれば即亡国に繋がるリスクテイク行動だった
②大人数の斥候によるリアルタイムに近い緻密な情報収集はアレクサンドロス大王の即断即決の軍事行動を可能にした重要なファクターだった
③アレクサンドロス軍の戦闘スタイルは騎馬隊のメリットを最大限活かした「速攻撹乱」。敵の虚を衝き、ピンポイントで最大戦速をぶつけ敵陣を切り裂いていく！",https://podcasts.apple.com/jp/podcast/67-%E4%B8%96%E7%B4%80%E6%9C%AB%E3%83%AA%E3%83%BC%E3%83%80%E3%83%BC%E4%BC%9D%E3%82%A2%E3%83%AC%E3%82%AF%E3%82%B5%E3%83%B3%E3%83%89%E3%83%AD%E3%82%B9-%E3%82%B0%E3%83%A9%E3%83%8B%E3%82%B3%E3%82%B9%E7%B7%A8-coten-radio/id1450522865?i=1000458051722,/feed/aHR0cHM6Ly9hbmNob3IuZm0vcy84YzIwODhjL3BvZGNhc3QvcnNz/episode/MzI2ZDVmMmItYTE5OC1mMjRjLTYyYzQtMzZjZGFiODJhMGY3?ved=0CHcQzsICahcKEwiwh6S3_eDpAhUAAAAAHQAAAAAQBg,/watch?v=j7gCo0jnE0o
68,世紀末リーダー伝アレクサンドロス ～イッソスの戦い編～,アレクサンドロス,ギリシャ,"【ポイント】
①アレクサンドロス大王の戦い方の特徴として、騎兵隊を中心とする速攻・撹乱のほかに、後方の補給路の安全確保がある
②イッソスの戦いではいよいよペルシャ帝国皇帝・ダレイオス本人が10万規模の兵を率いて親征してくる
③アレクサンドロス大王はペルシャ軍の弓兵を潰してそのままダレイオスの本隊の横っ腹に突撃、ダレイオスは怖くなって逃げ出したため全軍総崩れとなった",https://podcasts.apple.com/jp/podcast/68-%E4%B8%96%E7%B4%80%E6%9C%AB%E3%83%AA%E3%83%BC%E3%83%80%E3%83%BC%E4%BC%9D%E3%82%A2%E3%83%AC%E3%82%AF%E3%82%B5%E3%83%B3%E3%83%89%E3%83%AD%E3%82%B9-%E3%82%A4%E3%83%83%E3%82%BD%E3%82%B9%E3%81%AE%E6%88%A6%E3%81%84%E7%B7%A8-coten-radio/id1450522865?i=1000458363472,/feed/aHR0cHM6Ly9hbmNob3IuZm0vcy84YzIwODhjL3BvZGNhc3QvcnNz/episode/Njc2MTRlY2UtZjZmNy1lYTFhLTlmMGUtMDgxZDNiY2Y0OTZk?ved=0CHUQzsICahcKEwiwh6S3_eDpAhUAAAAAHQAAAAAQBg,/watch?v=6x8ck5xw7s0
69,世紀末リーダー伝アレクサンドロス ～最終決戦！ガウガメラの戦い～,アレクサンドロス,ギリシャ,"【ポイント】
①イッソスの戦いの後、アレクサンドロス大王はそのままダレイオスを追撃することもできたが、補給路を確保するための占領を優先させた
②ダレイオスは戦争前にアレクサンドロス大王に講和を持ちかけるが「俺の方が勝者だし偉いから」と大王から一蹴される
③ガウガメラの戦いでダレイオスは国力を総結集して今度こそ本気を出すが、またもやアレクサンドロス大王の騎兵隊に攻め込まれて逃走し、最後は部下に殺された",https://podcasts.apple.com/jp/podcast/69-%E4%B8%96%E7%B4%80%E6%9C%AB%E3%83%AA%E3%83%BC%E3%83%80%E3%83%BC%E4%BC%9D%E3%82%A2%E3%83%AC%E3%82%AF%E3%82%B5%E3%83%B3%E3%83%89%E3%83%AD%E3%82%B9-%E6%9C%80%E7%B5%82%E6%B1%BA%E6%88%A6-%E3%82%AC%E3%82%A6%E3%82%AC%E3%83%A1%E3%83%A9%E3%81%AE%E6%88%A6%E3%81%84-coten-radio/id1450522865?i=1000458683507,/feed/aHR0cHM6Ly9hbmNob3IuZm0vcy84YzIwODhjL3BvZGNhc3QvcnNz/episode/YmQyM2Q1M2QtNGE3Yi1mMDlhLTBjYTYtMTQwY2M5MjNlOGE1?ved=0CHMQzsICahcKEwiwh6S3_eDpAhUAAAAAHQAAAAAQBg,/watch?v=4TgjGSGhqUc
70,世紀末リーダー伝アレクサンドロス ～最終決戦！ガウガメラの戦い～,アレクサンドロス,ギリシャ,"【ポイント】
①イッソスの戦いの後、アレクサンドロス大王はそのままダレイオスを追撃することもできたが、補給路を確保するための占領を優先させた
②ダレイオスは戦争前にアレクサンドロス大王に講和を持ちかけるが「俺の方が勝者だし偉いから」と大王から一蹴される
③ガウガメラの戦いでダレイオスは国力を総結集して今度こそ本気を出すが、またもやアレクサンドロス大王の騎兵隊に攻め込まれて逃走し、最後は部下に殺された",https://podcasts.apple.com/jp/podcast/69-%E4%B8%96%E7%B4%80%E6%9C%AB%E3%83%AA%E3%83%BC%E3%83%80%E3%83%BC%E4%BC%9D%E3%82%A2%E3%83%AC%E3%82%AF%E3%82%B5%E3%83%B3%E3%83%89%E3%83%AD%E3%82%B9-%E6%9C%80%E7%B5%82%E6%B1%BA%E6%88%A6-%E3%82%AC%E3%82%A6%E3%82%AC%E3%83%A1%E3%83%A9%E3%81%AE%E6%88%A6%E3%81%84-coten-radio/id1450522865?i=1000458683507,/feed/aHR0cHM6Ly9hbmNob3IuZm0vcy84YzIwODhjL3BvZGNhc3QvcnNz/episode/ZGJjYTAxZGEtODhiMC0wMjAzLWUyNzAtNTliODk4MWZiMjkz?ved=0CG8QzsICahcKEwiwh6S3_eDpAhUAAAAAHQAAAAAQBg,/watch?v=icIrMhYHpxI
71,アレクサンドロスのΨ難 ― そして始まる血みどろの後継者戦争,アレクサンドロス,ギリシャ,"【ポイント】
①親友であり戦友であり恋人であったアレクサンドロス大王唯一の理解者・ヘファイスティオンが病死する
②アレクサンドロス大王はマケドニアに引き返す途中、バビロンで急死する
③後継者指名などの事業承継準備は殆ど何もしないうちにアレクサンドロス大王が亡くなったため、大王の母親も巻き込んだ側近たちによる血みどろの後継者戦争が勃発した",https://podcasts.apple.com/jp/podcast/71-%E3%82%A2%E3%83%AC%E3%82%AF%E3%82%B5%E3%83%B3%E3%83%89%E3%83%AD%E3%82%B9%E3%81%AE%CF%88%E9%9B%A3-%E3%81%9D%E3%81%97%E3%81%A6%E5%A7%8B%E3%81%BE%E3%82%8B%E8%A1%80%E3%81%BF%E3%81%A9%E3%82%8D%E3%81%AE%E5%BE%8C%E7%B6%99%E8%80%85%E6%88%A6%E4%BA%89-coten-radio/id1450522865?i=1000459337777,/feed/aHR0cHM6Ly9hbmNob3IuZm0vcy84YzIwODhjL3BvZGNhc3QvcnNz/episode/ZTIyZWY1ODMtYjhlZC0xOWUzLTc5MzktMmQ2ZDdhMjVlMDNl?ved=0CG0QzsICahcKEwiwh6S3_eDpAhUAAAAAHQAAAAAQBg,/watch?v=uWM_hR30fws
72,お金の歴史！ ―カネさえあれば人生HAPPY？,資本主義,,"【ポイント】
■世界史上お金に関する大きなインパクト； ①金属貨幣の誕生　②銀行の誕生　③株式会社の誕生　④資本主義の誕生   
■経済発展の形として「物々交換→貨幣」という風に移行すると一般的に思われているが、実は違っている   
■貨幣の形も「硬貨→紙幣」と移行していったように思われているが、この二つのルーツはそれぞれ全く異なっており、同一の延長線上の進化にない代物同士   ",https://podcasts.apple.com/jp/podcast/72-%E3%81%8A%E9%87%91%E3%81%AE%E6%AD%B4%E5%8F%B2-%E3%82%AB%E3%83%8D%E3%81%95%E3%81%88%E3%81%82%E3%82%8C%E3%81%B0%E4%BA%BA%E7%94%9Fhappy-coten-radio/id1450522865?i=1000460486406,/feed/aHR0cHM6Ly9hbmNob3IuZm0vcy84YzIwODhjL3BvZGNhc3QvcnNz/episode/ZDEwMDk2ZjEtOThiZS00M2ZjLWJmNWQtYzg0NzFiZGI2YzIw?ved=0CGUQzsICahcKEwiwh6S3_eDpAhUAAAAAHQAAAAAQBg,/watch?v=w_CZtE6pFEc
73,お金の誕生！ ―おもってたんと違う！,資本主義,,"【ポイント】
・貨幣には4つの機能がある； ① 価値の交換手段　 ② 価値の計測手段　 ③ 価値の保存手段　 ④ 利子を取ることによる自己増殖の機能 この4つの機能は最初からすべて兼ね備えていたわけではなく、最初は機能ごとに異なる物が使われていた 
・物々交換が信頼関係の前提がない相手ないし共同体と交わす「取引行為」であり、それよりも前に同一共同体内で物を贈与し合う「融通行為」があった 
・貨幣の価値を担保するものはおおよそ 「道具としての汎用性（誰でもよく使う道具）」→「物質としての希少性（貴金属、貝殻など）」→「国家権力への信用（素材時代に価値のない紙幣に国家権力が信用を付与）」へと変化してきた ",https://podcasts.apple.com/jp/podcast/73-%E3%81%8A%E9%87%91%E3%81%AE%E8%AA%95%E7%94%9F-%E3%81%8A%E3%82%82%E3%81%A3%E3%81%A6%E3%81%9F%E3%82%93%E3%81%A8%E9%81%95%E3%81%86-coten-radio/id1450522865?i=1000460767206,/feed/aHR0cHM6Ly9hbmNob3IuZm0vcy84YzIwODhjL3BvZGNhc3QvcnNz/episode/YzQ1YWVjZDItZjg0OC00ZGQwLTg3MTAtZWY1N2MyYzg5MjU5?ved=0CGMQzsICahcKEwiwh6S3_eDpAhUAAAAAHQAAAAAQBg,/watch?v=Vva6gUarsPU
74,お金の歴史！ ―コインで左右された人類の運命,資本主義,,"【ポイント】
①国家権力による信用が裏付けされた硬貨が生まれた背景には、徴税、財産管理、給与支払といった行政業務の効率化があった
②硬貨の大規模な生産、流通には強力な国家権力が必要。統一帝国が誕生した中国では経済規模が世界トップとなる
③イスラム世界の経済がドライブされた理由に、抜群に使いやすい計算ツール「アラビア数字」の存在とイスラム教という取引コストを低下させる共通の文化基盤があった",https://podcasts.apple.com/jp/podcast/74-%E3%81%8A%E9%87%91%E3%81%AE%E6%AD%B4%E5%8F%B2-%E3%82%B3%E3%82%A4%E3%83%B3%E3%81%A7%E5%B7%A6%E5%8F%B3%E3%81%95%E3%82%8C%E3%81%9F%E4%BA%BA%E9%A1%9E%E3%81%AE%E9%81%8B%E5%91%BD-coten-radio/id1450522865?i=1000461061365,/feed/aHR0cHM6Ly9hbmNob3IuZm0vcy84YzIwODhjL3BvZGNhc3QvcnNz/episode/YzhjMDNmYmMtNDI0NS00NzE0LThkNDMtODA3YWE3OTU1Njhl?ved=0CGEQzsICahcKEwiwh6S3_eDpAhUAAAAAHQAAAAAQBg,/watch?v=Avb5e05np84
75,銀行の本当の役割とは！？―銀行が創る「目に見えないおカネ」の正体,資本主義,,"【ポイント】
①同教徒から利子を得るのは禁止だが、異教徒からは取っていいという宗教的制約のもと、各地に少数民族として散らばっていたユダヤ人がキリスト教徒ら相手に金貸し業を始め、ユダヤ人商人としてのポジションを形成していく。
②欧州で拡大する国家間貿易により両替需要が増し、キリスト教徒は両替手数料の中に利子分を含ませる手法を用いて宗教的制約の回避を図った。これによりマジョリティーであるキリスト教世界で金融業が振興し、銀行誕生へと繋がっていく
③ストックホルム銀行を皮切りに銀行機能の一つである「貨幣創造」がなされ、資本主義の起点となっていく",https://podcasts.apple.com/jp/podcast/75-%E9%8A%80%E8%A1%8C%E3%81%AE%E6%9C%AC%E5%BD%93%E3%81%AE%E5%BD%B9%E5%89%B2%E3%81%A8%E3%81%AF-%E9%8A%80%E8%A1%8C%E3%81%8C%E5%89%B5%E3%82%8B-%E7%9B%AE%E3%81%AB%E8%A6%8B%E3%81%88%E3%81%AA%E3%81%84%E3%81%8A%E3%82%AB%E3%83%8D-%E3%81%AE%E6%AD%A3%E4%BD%93-coten-radio/id1450522865?i=1000461324744,/feed/aHR0cHM6Ly9hbmNob3IuZm0vcy84YzIwODhjL3BvZGNhc3QvcnNz/episode/NTQ5ZDc3ODAtYjZhNC00ZDY1LWFkNzItNzA2MGQ0ZTI2MTJk?ved=0CF8QzsICahcKEwiwh6S3_eDpAhUAAAAAHQAAAAAQBg,/watch?v=6kd4ODZrGZw
76,中央銀行の役割─お金を司る銀行 of 銀行！,資本主義,,"【ポイント】 
①中央銀行が誕生するまでは各銀行、団体それぞれが貨幣を発行していた
②貨幣の供給過多によるインフレなどを経た結果、貨幣の流通量や物価のコントロールを政策に載せる必要性を受けて、中央銀行が誕生した
③日露戦争で日本がロシアに勝利できた背景には、国債による海外から軍事費調達の成功があった",https://podcasts.apple.com/jp/podcast/76-%E4%B8%AD%E5%A4%AE%E9%8A%80%E8%A1%8C%E3%81%AE%E5%BD%B9%E5%89%B2-%E3%81%8A%E9%87%91%E3%82%92%E5%8F%B8%E3%82%8B%E9%8A%80%E8%A1%8C-of-%E9%8A%80%E8%A1%8C-coten-radio/id1450522865?i=1000461631759,/feed/aHR0cHM6Ly9hbmNob3IuZm0vcy84YzIwODhjL3BvZGNhc3QvcnNz/episode/ZGE5NWVkNDItNTg4MS00OWU3LWI4YjgtZjkyZGVlNjNjMjkw?ved=0CF0QzsICahcKEwiwh6S3_eDpAhUAAAAAHQAAAAAQBg,/watch?v=Z-tVUyZk_sc
77,株式会社の誕生―世界経済を変えたヤバすぎる発明,資本主義,,"【ポイント】
 ①株式会社の本質は「リスク分散」「リソース集約」「生産性向上」
 ②今日の社会を支える殆どの物が会社から作られているのは、それだけ会社が経済活動において効率的・効果的な組織形態だから
 ③オランダ東インド会社などの初期の株式会社は、貿易先国での反乱鎮圧や他国との戦争を目的とする軍隊まで保有していた
 ※補足 産業革命時に今日まで連なる「8時間労働制」を提唱したのはイギリス人実業家のロバート・オウエン ",https://podcasts.apple.com/jp/podcast/77-%E6%A0%AA%E5%BC%8F%E4%BC%9A%E7%A4%BE%E3%81%AE%E8%AA%95%E7%94%9F-%E4%B8%96%E7%95%8C%E7%B5%8C%E6%B8%88%E3%82%92%E5%A4%89%E3%81%88%E3%81%9F%E3%83%A4%E3%83%90%E3%81%99%E3%81%8E%E3%82%8B%E7%99%BA%E6%98%8E-coten-radio/id1450522865?i=1000461950716,/feed/aHR0cHM6Ly9hbmNob3IuZm0vcy84YzIwODhjL3BvZGNhc3QvcnNz/episode/NTZlNzdjMzUtMjNkNC00NWU0LWJiNjgtOWNlNzcwMjNhNjdh?ved=0CFsQzsICahcKEwiwh6S3_eDpAhUAAAAAHQAAAAAQBg,/watch?v=CY047auKtxo
78,世界を進化させた資本主義 ― 一方その頃、中国は…？,資本主義,,"【ポイント】
①資本主義の３要素「私有財産」「競争環境」「市場経済」
②生産性や利益への投資は財産の私有が保障されてないと動機が生まれにくい
③資本主義は王権が比較的に弱かったイギリスで勃興した",https://podcasts.apple.com/jp/podcast/78-%E4%B8%96%E7%95%8C%E3%82%92%E9%80%B2%E5%8C%96%E3%81%95%E3%81%9B%E3%81%9F%E8%B3%87%E6%9C%AC%E4%B8%BB%E7%BE%A9-%E4%B8%80%E6%96%B9%E3%81%9D%E3%81%AE%E9%A0%83-%E4%B8%AD%E5%9B%BD%E3%81%AF-coten-radio/id1450522865?i=1000462290882,/feed/aHR0cHM6Ly9hbmNob3IuZm0vcy84YzIwODhjL3BvZGNhc3QvcnNz/episode/YWE1MDI3N2QtZjc1ZC00ZWM4LWJmYTQtYWQ4M2YzYTc4Yjk2?ved=0CFkQzsICahcKEwiwh6S3_eDpAhUAAAAAHQAAAAAQBg,/watch?v=mgP9SCo6pKE
79,三蔵法師・玄奘 ― 終わりなき知的探究の旅,三蔵法師,中国,"【ポイント】 
① 学問への探究心が最高純度に達した時の人間はどういう状態になるか？を玄奘から知ることができます。 
② 玄奘は13歳で出家し、27歳で西天取経の旅に出て、17年後唐に帰国し、死ぬまでの約20年間はひたすら経典翻訳を続けた
③ 玄奘の旅は密出国。そしてほぼ一人旅。砂漠や氷山を徒歩で越えていくストロングスタイル。 ",https://podcasts.apple.com/jp/podcast/79-%E4%B8%89%E8%94%B5%E6%B3%95%E5%B8%AB-%E7%8E%84%E5%A5%98-%E7%B5%82%E3%82%8F%E3%82%8A%E3%81%AA%E3%81%8D%E7%9F%A5%E7%9A%84%E6%8E%A2%E7%A9%B6%E3%81%AE%E6%97%85-coten-radio/id1450522865?i=1000463387912,/feed/aHR0cHM6Ly9hbmNob3IuZm0vcy84YzIwODhjL3BvZGNhc3QvcnNz/episode/ZDUzN2JjNDMtNmFlOS00NzcxLWFmZTktZWYzMzc5Y2M5ZDc1?ved=0CFEQzsICahcKEwiwh6S3_eDpAhUAAAAAHQAAAAAQBg,/watch?v=slCUo7wC8nM
80,三蔵法師・玄奘 ― 信じる者は救われる！？仏教と中国のディ－プなカンケイ♡,三蔵法師,中国,"【ポイント】 
①隋の統一まで中国では約300年間の戦乱と、異民族の大陸進出が続いた。仏教この時に中国で普及。 
②仏教が中国で普及したもう一つの背景には、多民族国家統治という政治的な課題があった。
③ブッダ入滅後の仏教は分裂。やがて「仏教の原点に立ち返ろうぜ」という動きが生まれ、大乗仏教が興り、中国、日本に伝わってきた。玄奘はこの大乗仏教の僧侶。 ",https://podcasts.apple.com/jp/podcast/80-%E4%B8%89%E8%94%B5%E6%B3%95%E5%B8%AB-%E7%8E%84%E5%A5%98-%E4%BF%A1%E3%81%98%E3%82%8B%E8%80%85%E3%81%AF%E6%95%91%E3%82%8F%E3%82%8C%E3%82%8B-%E4%BB%8F%E6%95%99%E3%81%A8%E4%B8%AD%E5%9B%BD%E3%81%AE%E3%83%87%E3%82%A3-%E3%83%97%E3%81%AA%E3%82%AB%E3%83%B3%E3%82%B1%E3%82%A4-coten-radio/id1450522865?i=1000463728896,/feed/aHR0cHM6Ly9hbmNob3IuZm0vcy84YzIwODhjL3BvZGNhc3QvcnNz/episode/OWIwMWU2ZDYtZjY0YS00OWUwLWFlMmMtMDlkMWQyMjVmMmM2?ved=0CE8QzsICahcKEwiwh6S3_eDpAhUAAAAAHQAAAAAQBg,/watch?v=byVyMNR2TA0
81,空の思想？え。なにそれ。 ― 三蔵法師の愛した唯識論,三蔵法師,中国,"【ポイント】 
①玄奘の旅の動機の根底にあったは大乗仏教の根幹をなす「唯識（ゆいしき）思想」への探究心。変態にしか理解できない壮大かつ緻密なロジックの世界。  
②唯識思想は『般若心経』などで説かれている「空の思想」のアップデート版。あらゆる物質や現象は刻々変化していて、固有の実体は存在しない。実体があるように見えるのは、私たちの心（認識）があるという考え。  
③仏教は国家事業だった当時、玄奘含め当時の僧侶は国家公務員＆国立大学教授の立ち位置。今と違って研究職の側面が強かった。 ",https://podcasts.apple.com/jp/podcast/81-%E7%A9%BA%E3%81%AE%E6%80%9D%E6%83%B3-%E3%81%88-%E3%81%AA%E3%81%AB%E3%81%9D%E3%82%8C-%E4%B8%89%E8%94%B5%E6%B3%95%E5%B8%AB%E3%81%AE%E6%84%9B%E3%81%97%E3%81%9F%E5%94%AF%E8%AD%98%E8%AB%96-coten-radio/id1450522865?i=1000464054111,/feed/aHR0cHM6Ly9hbmNob3IuZm0vcy84YzIwODhjL3BvZGNhc3QvcnNz/episode/NjY4ZTk0MmUtOTJhMi00ZGRhLWExNmQtOWUwMTUzOWJmNjg4?ved=0CE0QzsICahcKEwiwh6S3_eDpAhUAAAAAHQAAAAAQBg,/watch?v=P-ZQoPG_NAY
82,三蔵法師、旅立ち前夜 ― イケメン過ぎて裏口入門！？,三蔵法師,中国,"【ポイント】
①玄奘の父は役人かつ教養人、母も役人の娘、兄は優秀で評判が高い。
財と学に恵まれた環境に生まれた玄奘であったが、後に両親の死別で物凄く苦労する。
②実力とルックス、そして運によってわずか13歳で出家を許される。
③「最高の学問が得られるかどうか？」が生涯を貫く行動原理だった玄奘は、自分が最も学べる環境を最優先して10代から各地を転々とした。",https://podcasts.apple.com/jp/podcast/82-%E4%B8%89%E8%94%B5%E6%B3%95%E5%B8%AB-%E6%97%85%E7%AB%8B%E3%81%A1%E5%89%8D%E5%A4%9C-%E3%82%A4%E3%82%B1%E3%83%A1%E3%83%B3%E9%81%8E%E3%81%8E%E3%81%A6%E8%A3%8F%E5%8F%A3%E5%85%A5%E9%96%80-coten-radio/id1450522865?i=1000464406699,/feed/aHR0cHM6Ly9hbmNob3IuZm0vcy84YzIwODhjL3BvZGNhc3QvcnNz/episode/NzU4YTllOTctMDQzMy00YjFkLTg1ZWEtY2Y0N2Q1MTY1NTg3?ved=0CEsQzsICahcKEwiwh6S3_eDpAhUAAAAAHQAAAAAQBg,/watch?v=wKIqcEXSOJ4
83,井の中の玄奘、大海を知る。真理を求めてインドへGO！,三蔵法師,中国,"【ポイント】
①翻訳された既存の経典だけの研究に限界を感じ、これ以上真理を突き詰めるにはもはや原典に当たるしかないと玄奘は考えるようになった。
②知的欲求不満が最高潮に達した時に、本場インドからやって来た仏教の偉い先生の口から仏教研究の最高峰・ナーランダ大学のことを聞く。
③西天取経の旅にいくことに決めた玄奘がまず取り掛かったのは、サンスクリット語をはじめ外国語の勉強だった。",https://podcasts.apple.com/jp/podcast/83-%E4%BA%95%E3%81%AE%E4%B8%AD%E3%81%AE%E7%8E%84%E5%A5%98-%E5%A4%A7%E6%B5%B7%E3%82%92%E7%9F%A5%E3%82%8B-%E7%9C%9F%E7%90%86%E3%82%92%E6%B1%82%E3%82%81%E3%81%A6%E3%82%A4%E3%83%B3%E3%83%89%E3%81%B8go-coten-radio/id1450522865?i=1000464737155,/feed/aHR0cHM6Ly9hbmNob3IuZm0vcy84YzIwODhjL3BvZGNhc3QvcnNz/episode/MjhiYmRlNmItZTEzNi00ZjUxLWJhMDEtZjA5MWEyMTZhZTQ5?ved=0CEkQzsICahcKEwiwh6S3_eDpAhUAAAAAHQAAAAAQBg,/watch?v=Vv633_jt8Kk
84,本当は一人ぼっち？三蔵法師のリアル西遊記,三蔵法師,中国,"【ポイント】
①玄奘は無謀な旅に出たわけではなく、旅の計画を戦略的に行っていた節がある。言語の習得、情報収集、（西域に詳しいと思われる）商人の確保といった準備を実施した。
②灼熱と極寒の砂漠で飲まず食わず彷徨い、死にかけたうえ幻覚まで見えるようになる。その時に唱えたのが『般若心経』。
③旅の途中で入国した高昌国の王・麴文泰（きくぶんたい）は玄奘に向こう20年分の旅費を渡し、彼の最大のスポンサーとなった。",https://podcasts.apple.com/jp/podcast/84-%E6%9C%AC%E5%BD%93%E3%81%AF%E4%B8%80%E4%BA%BA%E3%81%BC%E3%81%A3%E3%81%A1-%E4%B8%89%E8%94%B5%E6%B3%95%E5%B8%AB%E3%81%AE%E3%83%AA%E3%82%A2%E3%83%AB%E8%A5%BF%E9%81%8A%E8%A8%98-coten-radio/id1450522865?i=1000465091219,/feed/aHR0cHM6Ly9hbmNob3IuZm0vcy84YzIwODhjL3BvZGNhc3QvcnNz/episode/Yzc0OGFmNzctZWYzMC00OWQzLWIxZWYtMDc4Njk3ZmNjZGYy?ved=0CEcQzsICahcKEwiwh6S3_eDpAhUAAAAAHQAAAAAQBg,/watch?v=A6Zqn-FE_EM
85,玄奘ウルルン西遊記 ― 三蔵法師が遊牧民の王と出会った,三蔵法師,中国,"【ポイント】
①玄奘一行は氷山越えに際して4割死ぬ  
②王様から貰ったお金を盗賊に取られる  
③異教徒に捕まえられて生贄に捧げられかける",https://podcasts.apple.com/jp/podcast/85-%E7%8E%84%E5%A5%98%E3%82%A6%E3%83%AB%E3%83%AB%E3%83%B3%E8%A5%BF%E9%81%8A%E8%A8%98-%E4%B8%89%E8%94%B5%E6%B3%95%E5%B8%AB%E3%81%8C%E9%81%8A%E7%89%A7%E6%B0%91%E3%81%AE%E7%8E%8B%E3%81%A8%E5%87%BA%E4%BC%9A%E3%81%A3%E3%81%9F-coten-radio/id1450522865?i=1000465420590,/feed/aHR0cHM6Ly9hbmNob3IuZm0vcy84YzIwODhjL3BvZGNhc3QvcnNz/episode/ZmM5ZWZjOTgtOTYxNC00NjczLTg2ZmYtNzIzYzJhMTMzMmYy?ved=0CEUQzsICahcKEwiwh6S3_eDpAhUAAAAAHQAAAAAQBg,/watch?v=7dixrMcmUkU
86,三蔵法師・玄奘 ― 経典を乗せた船がまさかの転覆！？波乱万丈の西遊記最終章,三蔵法師,中国,"【ポイント】
①インドの最高峰の仏教大学、ナーランダ大学に入学した玄奘は頭角を現し、数千人の僧の中のいる中でトップ10に入る
②玄奘の時代のインドにおいて仏教は既に衰退の道を辿っており、ヒンドゥー教はじめ異教が盛んになっていた
③単に自分の知識欲の充足だけではなく、母国に正しい仏法を伝え広めたいという公的な使命感（＋戒律の存在）があったため、玄奘は帰国を決意し過酷な旅に再び身を投じたと思われる",https://podcasts.apple.com/jp/podcast/86-%E4%B8%89%E8%94%B5%E6%B3%95%E5%B8%AB-%E7%8E%84%E5%A5%98-%E7%B5%8C%E5%85%B8%E3%82%92%E4%B9%97%E3%81%9B%E3%81%9F%E8%88%B9%E3%81%8C%E3%81%BE%E3%81%95%E3%81%8B%E3%81%AE%E8%BB%A2%E8%A6%86-%E6%B3%A2%E4%B9%B1%E4%B8%87%E4%B8%88%E3%81%AE%E8%A5%BF%E9%81%8A%E8%A8%98%E6%9C%80%E7%B5%82%E7%AB%A0-coten-radio/id1450522865?i=1000465767340,/feed/aHR0cHM6Ly9hbmNob3IuZm0vcy84YzIwODhjL3BvZGNhc3QvcnNz/episode/OTIyMDQ3NGEtNmNkNS00NTVmLTljM2MtOWRmYTllOGQwNjkx?ved=0CEMQzsICahcKEwiwh6S3_eDpAhUAAAAAHQAAAAAQBg,/watch?v=lDGIkW-vQAg
87,人生は旅と勉強だ！三蔵法師に学ぶ人生哲学,三蔵法師,中国,"【ポイント】
①唐に帰国後、玄奘は皇帝の後援を受けて経典翻訳の国家事業を始め、亡くなるまで続けた。
②玄奘の弟子に日本から来た僧侶・道昭おり、彼が日本にもたらした法相宗は藤原家に保護され、やがて隆盛を極めた（※元興寺は道昭が最初に伝教したお寺、興福寺と薬師寺は法相宗の有力なお寺。道昭がこれらの寺院を創建したわけではない）
③玄奘はその生き様を通して「真に学ぶとはどういうことなのか？」を私たちに教えてくれる。",https://podcasts.apple.com/jp/podcast/87-%E4%BA%BA%E7%94%9F%E3%81%AF%E6%97%85%E3%81%A8%E5%8B%89%E5%BC%B7%E3%81%A0-%E4%B8%89%E8%94%B5%E6%B3%95%E5%B8%AB%E3%81%AB%E5%AD%A6%E3%81%B6%E4%BA%BA%E7%94%9F%E5%93%B2%E5%AD%A6-coten-radio/id1450522865?i=1000466110819,/feed/aHR0cHM6Ly9hbmNob3IuZm0vcy84YzIwODhjL3BvZGNhc3QvcnNz/episode/ZmQyZTMxZjQtNTU3Ny00NjQ0LTk2ZDQtZGFjZDM2ZDZiNTZj?ved=0CEEQzsICahcKEwiwh6S3_eDpAhUAAAAAHQAAAAAQBg,/watch?v=u5gDACG5XOQ
88,高杉晋作 ― 吉田松陰のDNAを受け継ぎし幕末風雲児,高杉晋作,日本,"【ポイント】
①高杉晋作の生き様を知れば、彼の師であった吉田松陰が何を遺したのかを知ることができる
②高杉晋作は生涯に400首ものオシャレ過ぎる詩歌を詠んだアーティスティックなサムライだった
③藩のお金を使って風俗街に通いまくってた模様",https://podcasts.apple.com/jp/podcast/88-%E9%AB%98%E6%9D%89%E6%99%8B%E4%BD%9C-%E5%90%89%E7%94%B0%E6%9D%BE%E9%99%B0%E3%81%AEdna%E3%82%92%E5%8F%97%E3%81%91%E7%B6%99%E3%81%8E%E3%81%97%E5%B9%95%E6%9C%AB%E9%A2%A8%E9%9B%B2%E5%85%90-coten-radio/id1450522865?i=1000467476013,/feed/aHR0cHM6Ly9hbmNob3IuZm0vcy84YzIwODhjL3BvZGNhc3QvcnNz/episode/ZGQ5OWZhZGUtMzhiYi00NmU1LTg4ZjAtOWVhN2U1YmNjMDVm?ved=0CDkQzsICahcKEwiwh6S3_eDpAhUAAAAAHQAAAAAQBg,/watch?v=vKmPLzFtQTw
89,高杉晋作 ― 封建社会をぶっ壊す！明治維新序章,高杉晋作,日本,"【ポイント】
①幕末の時代は封建制の崩壊が世界的に始まっていた時期。江戸幕府の支配力も衰弱し各藩へのガバナンスが昔ほど利かなくなっていた。
②江戸幕府は筆頭老中の阿部正弘をはじめ超優秀な人材が集まっていた組織だった。ペリー来航も事前に把握し一定程度対策を準備していた。
③江戸幕府は各藩からも意見を集めて協力体制を構築しようとするが、雄藩による政治関与の道を開く結果となった。",https://podcasts.apple.com/jp/podcast/89-%E9%AB%98%E6%9D%89%E6%99%8B%E4%BD%9C-%E5%B0%81%E5%BB%BA%E7%A4%BE%E4%BC%9A%E3%82%92%E3%81%B6%E3%81%A3%E5%A3%8A%E3%81%99-%E6%98%8E%E6%B2%BB%E7%B6%AD%E6%96%B0%E5%BA%8F%E7%AB%A0-coten-radio/id1450522865?i=1000467811988,/feed/aHR0cHM6Ly9hbmNob3IuZm0vcy84YzIwODhjL3BvZGNhc3QvcnNz/episode/N2Y4YmRkOWMtOGZkOS00N2FkLTgwZTktNzgxMzEzMjk3YjJl?ved=0CDcQzsICahcKEwiwh6S3_eDpAhUAAAAAHQAAAAAQBg,/watch?v=V561Pg7u_78
90,リベンジ・オブ・関ヶ原の戦い ― 誇り高き超エリート長州人の誕生,高杉晋作,日本,"【ポイント】
①高杉家は毛利家に300年以上仕えてきた誇り高きエリート一族だった。
②関ヶ原の戦いで負け、僻地の萩に飛ばされた毛利家は、長州藩として人材育成に力を入れるようになる。
③長州藩は一般会計とは別に、新規事業投資用に限定した裏金をつくっていた。これが後の政治運動や軍備増強のための貴重な資金源となった。",https://podcasts.apple.com/jp/podcast/90-%E3%83%AA%E3%83%99%E3%83%B3%E3%82%B8-%E3%82%AA%E3%83%96-%E9%96%A2%E3%83%B6%E5%8E%9F%E3%81%AE%E6%88%A6%E3%81%84-%E8%AA%87%E3%82%8A%E9%AB%98%E3%81%8D%E8%B6%85%E3%82%A8%E3%83%AA%E3%83%BC%E3%83%88%E9%95%B7%E5%B7%9E%E4%BA%BA%E3%81%AE%E8%AA%95%E7%94%9F-coten-radio/id1450522865?i=1000468142898,/feed/aHR0cHM6Ly9hbmNob3IuZm0vcy84YzIwODhjL3BvZGNhc3QvcnNz/episode/aHR0cHM6Ly9hbmNob3IuZm0vY290ZW4vZXBpc29kZXMvOTAtLS1DT1RFTi1SQURJTy1lYmU1czE?ved=0CDUQzsICahcKEwiwh6S3_eDpAhUAAAAAHQAAAAAQBg,/watch?v=c5JEGCA-TT8
91,高杉晋作 ― 人生で大切なことは実践で学べ！陽明学に翻弄された男達,高杉晋作,日本,"【ポイント】
①吉田松陰や高杉晋作ら志士の行動力をドライブさせた思想の一つが「陽明学（当時は心学と呼ばれた）」
②両思想のざっくりした違い
朱子学：
・真理は人の外部にあり、人はその理を用いて自己修養に努めるべき（性即理）
・まず聖人たちの古典をちゃんと学び、物事を観察し、理（ことわり）を究めるべき（格物致知）
・座学重視（居敬窮理）
陽明学：
・真理は最初から自分の心の中に宿っている、心が自分の全てを統括する（心即理）
・物事の現実の中で己を磨き、自分の中の理を明らかにしていく（致良知）
・行動重視（知行合一）",https://podcasts.apple.com/jp/podcast/91-%E9%AB%98%E6%9D%89%E6%99%8B%E4%BD%9C-%E4%BA%BA%E7%94%9F%E3%81%A7%E5%A4%A7%E5%88%87%E3%81%AA%E3%81%93%E3%81%A8%E3%81%AF%E5%AE%9F%E8%B7%B5%E3%81%A7%E5%AD%A6%E3%81%B9-%E9%99%BD%E6%98%8E%E5%AD%A6%E3%81%AB%E7%BF%BB%E5%BC%84%E3%81%95%E3%82%8C%E3%81%9F%E7%94%B7%E9%81%94-coten-radio/id1450522865?i=1000468488056,/feed/aHR0cHM6Ly9hbmNob3IuZm0vcy84YzIwODhjL3BvZGNhc3QvcnNz/episode/aHR0cHM6Ly9hbmNob3IuZm0vY290ZW4vZXBpc29kZXMvOTEtLS1DT1RFTi1SQURJTy1lYmg4aTY?ved=0CDMQzsICahcKEwiwh6S3_eDpAhUAAAAAHQAAAAAQBg,/watch?v=qpBRUvRNHBQ
92,獄中からの贈る言葉 ― 吉田松陰との涙の決別,高杉晋作,日本,"【ポイント】
①松下村塾を出た高杉晋作は晴れて江戸デビューを果たすが、早速人生に迷う。
②言動がエスカレートしていく吉田松陰が周囲から見放される中、高杉晋作は甲斐甲斐しく師の身の回りの世話に奔走した。
③獄中の吉田松陰から贈られた手紙で説かれた「死生観」が、後の高杉晋作の人生の要所要所で楔となって効いてくる。",https://podcasts.apple.com/jp/podcast/92-%E7%8D%84%E4%B8%AD%E3%81%8B%E3%82%89%E3%81%AE%E8%B4%88%E3%82%8B%E8%A8%80%E8%91%89-%E5%90%89%E7%94%B0%E6%9D%BE%E9%99%B0%E3%81%A8%E3%81%AE%E6%B6%99%E3%81%AE%E6%B1%BA%E5%88%A5-coten-radio/id1450522865?i=1000468812428,/feed/aHR0cHM6Ly9hbmNob3IuZm0vcy84YzIwODhjL3BvZGNhc3QvcnNz/episode/aHR0cHM6Ly9hbmNob3IuZm0vY290ZW4vZXBpc29kZXMvOTItLS1DT1RFTi1SQURJTy1lYmsybGw?ved=0CDEQzsICahcKEwiwh6S3_eDpAhUAAAAAHQAAAAAQBg,/watch?v=XA3LuxgQFls
93,留学費用で夜遊び三昧！？高杉晋作が上海で見た衝撃的な光景とは？,高杉晋作,日本,"【ポイント】
①帰国した晋作に縁談が持ち上がり、萩一番の美女を嫁に貰う。
②航海術や剣道修行をするが、いずれも挫折し途中で投げ出す。
③上海視察で清の惨状を目にした後、晋作の「松陰化」が始まる。",https://podcasts.apple.com/jp/podcast/93-%E7%95%99%E5%AD%A6%E8%B2%BB%E7%94%A8%E3%81%A7%E5%A4%9C%E9%81%8A%E3%81%B3%E4%B8%89%E6%98%A7-%E9%AB%98%E6%9D%89%E6%99%8B%E4%BD%9C%E3%81%8C%E4%B8%8A%E6%B5%B7%E3%81%A7%E8%A6%8B%E3%81%9F%E8%A1%9D%E6%92%83%E7%9A%84%E3%81%AA%E5%85%89%E6%99%AF%E3%81%A8%E3%81%AF-coten-radio/id1450522865?i=1000469174828,/feed/aHR0cHM6Ly9hbmNob3IuZm0vcy84YzIwODhjL3BvZGNhc3QvcnNz/episode/aHR0cHM6Ly9hbmNob3IuZm0vY290ZW4vZXBpc29kZXMvOTMtQ09URU4tUkFESU8tZWJvN2Jp?ved=0CC8QzsICahcKEwiwh6S3_eDpAhUAAAAAHQAAAAAQBg,/watch?v=zmJnD4M9w0E
94,「諸君、狂いたまえ」高杉晋作の過激過ぎる尊王攘夷運動,高杉晋作,日本,"【ポイント】 
①気持ちの臨界点を突破した高杉晋作は脱藩するが、兄貴分の桂小五郎が手を回して脱藩罪にならないように世話をした。 
②さらに外国人暗殺と英国公使館焼き討ちを企て、後者を成功させる。 
③突然10年の暇（いとま）を藩に願い出て、頭丸めて隠居を始めてしまう。 ",https://podcasts.apple.com/jp/podcast/94-%E8%AB%B8%E5%90%9B-%E7%8B%82%E3%81%84%E3%81%9F%E3%81%BE%E3%81%88-%E9%AB%98%E6%9D%89%E6%99%8B%E4%BD%9C%E3%81%AE%E9%81%8E%E6%BF%80%E9%81%8E%E3%81%8E%E3%82%8B%E5%B0%8A%E7%8E%8B%E6%94%98%E5%A4%B7%E9%81%8B%E5%8B%95-coten-radio/id1450522865?i=1000469554690,/feed/aHR0cHM6Ly9hbmNob3IuZm0vcy84YzIwODhjL3BvZGNhc3QvcnNz/episode/aHR0cHM6Ly9hbmNob3IuZm0vY290ZW4vZXBpc29kZXMvOTRDT1RFTi1SQURJTy1lYnU2bGQ?ved=0CC0QzsICahcKEwiwh6S3_eDpAhUAAAAAHQAAAAAQBg,/watch?v=ippawzv5_bQ
95,一夜にして長州転落！そして奇兵隊爆誕,高杉晋作,日本,"【ポイント】
①クーデターにより京都政界から排除された長州藩は禁門の変の起こし、朝廷の敵として認定される
②長州藩は独自で攘夷運動を実施したが、逆に列強艦隊の報復に遭いボコボコにされる
③長州藩最大のピンチに際し高杉晋作に白羽の矢を立ち、奇兵隊結成へ",https://podcasts.apple.com/jp/podcast/95-%E4%B8%80%E5%A4%9C%E3%81%AB%E3%81%97%E3%81%A6%E9%95%B7%E5%B7%9E%E8%BB%A2%E8%90%BD-%E3%81%9D%E3%81%97%E3%81%A6%E5%A5%87%E5%85%B5%E9%9A%8A%E7%88%86%E8%AA%95-coten-radio/id1450522865?i=1000469900709,/feed/aHR0cHM6Ly9hbmNob3IuZm0vcy84YzIwODhjL3BvZGNhc3QvcnNz/episode/N2ViN2I4ZDktZjJiOC00NTYzLTg2MjYtNDY5YTVhZDY0ZDMw?ved=0CCsQzsICahcKEwiwh6S3_eDpAhUAAAAAHQAAAAAQBg,/watch?v=_N5AWRKein4
96,長州オワタ＼(^o^)／そして、その時歴史が動いた,高杉晋作,日本,"【ポイント】
①禁門の変で久坂玄瑞はじめ長州の人材が死んでいく一方、野山獄にいた高杉晋作は生き残った
②晋作は藩代表として四か国艦隊との敗戦交渉を担い、責任を幕府になすりつけるという破天荒な交渉を見せた
③長州で再び実権を握った幕府恭順派に対し晋作はクーデターを決行、藩論を倒幕へと一気に傾けさせることに成功した",https://podcasts.apple.com/jp/podcast/96-%E9%95%B7%E5%B7%9E%E3%82%AA%E3%83%AF%E3%82%BF-o-%E3%81%9D%E3%81%97%E3%81%A6-%E3%81%9D%E3%81%AE%E6%99%82%E6%AD%B4%E5%8F%B2%E3%81%8C%E5%8B%95%E3%81%84%E3%81%9F-coten-radio/id1450522865?i=1000470226957,/feed/aHR0cHM6Ly9hbmNob3IuZm0vcy84YzIwODhjL3BvZGNhc3QvcnNz/episode/Yzc2ZTc0OGItYjYzNS00ZjljLTliNGMtNWZhZDU5MTRhMTc3?ved=0CCkQzsICahcKEwiwh6S3_eDpAhUAAAAAHQAAAAAQBg,/watch?v=8k85b9M8j-8
97,おもしろきこともなき世をおもしろく ー 高杉晋作の最期,高杉晋作,日本,"【ポイント】 ①倒幕への藩論は一致した長州藩は敵同士だった薩摩藩と手を結び、薩長同盟が実現する
 ②幕府による第二次長州征討軍を高杉晋作や大村益次郎らが中心となり撃退に成功
 ③戦争の大勢が定まったところ、結核を患っていた高杉晋作は戦線離脱し、半年後に急逝した",https://podcasts.apple.com/jp/podcast/97-%E3%81%8A%E3%82%82%E3%81%97%E3%82%8D%E3%81%8D%E3%81%93%E3%81%A8%E3%82%82%E3%81%AA%E3%81%8D%E4%B8%96%E3%82%92%E3%81%8A%E3%82%82%E3%81%97%E3%82%8D%E3%81%8F-%E3%83%BC-%E9%AB%98%E6%9D%89%E6%99%8B%E4%BD%9C%E3%81%AE%E6%9C%80%E6%9C%9F-coten-radio/id1450522865?i=1000470592316,/feed/aHR0cHM6Ly9hbmNob3IuZm0vcy84YzIwODhjL3BvZGNhc3QvcnNz/episode/NGZkOTZmNjUtNDk4ZC00ZWJhLWI5NDEtNDRlMTE2ZWIzZGYx?ved=0CCcQzsICahcKEwiwh6S3_eDpAhUAAAAAHQAAAAAQBg,/watch?v=SfxVvJOU3ww
98,激動のアメリカ開拓史 ― 超大国ができるまで,アメリカ史,アメリカ,おかげさまでJapan Podcast Award 2019 大賞 & Spotify賞をダブル受賞しました！たくさんの応援ありがとうございまいた！／【今回の内容】コテンラジオ初の遠隔収録だったが・・・汗／機材セッティングで発揮される深井の天才ぶり！／ポッドキャストアワーズのトロフィーの趣向凝らし方がヤバすぎた／世界一特殊な国づくり・アメリカ／君主と貴族による統治がないベンチャー実験国家／トマト、ジャガイモ、タバコもアメリカだよ／こんなに歴史が浅いけど複雑な国はいない／,https://podcasts.apple.com/jp/podcast/98-%E6%BF%80%E5%8B%95%E3%81%AE%E3%82%A2%E3%83%A1%E3%83%AA%E3%82%AB%E9%96%8B%E6%8B%93%E5%8F%B2-%E8%B6%85%E5%A4%A7%E5%9B%BD%E3%81%8C%E3%81%A7%E3%81%8D%E3%82%8B%E3%81%BE%E3%81%A7-coten-radio/id1450522865?i=1000472326740,/feed/aHR0cHM6Ly9hbmNob3IuZm0vcy84YzIwODhjL3BvZGNhc3QvcnNz/episode/Njg0OWM3YTktNWIzZS00YjBhLTk2OWQtNWQ1MzFlMmRhMzVl?ved=0CB8QzsICahcKEwiwh6S3_eDpAhUAAAAAHQAAAAAQBg,/watch?v=IH0utufEYE4
99,精霊が夢に出るまで帰れません！？ ― ネイティブアメリカンの知られざる生き様,アメリカ史,アメリカ,アメリカ大陸が「アメリカ大陸」になる前／アメリカ大陸がヨーロッパ人に「発見」される前／ベーリング海峡を渡ってきた民たち／ネイティブアメリカンは実力主義？／多様性、半端ねえって！／ヤンヤンのいまの髪型／増加するネイティブアメリカンの数、その裏事情／ネイティブアメリカンの先端農業！／分かりみ深いネイティブアメリカンたちの名言／ 白人によるネイティブアメリカンの「掃除（クリアランス）」 ／,https://podcasts.apple.com/jp/podcast/99-%E7%B2%BE%E9%9C%8A%E3%81%8C%E5%A4%A2%E3%81%AB%E5%87%BA%E3%82%8B%E3%81%BE%E3%81%A7%E5%B8%B0%E3%82%8C%E3%81%BE%E3%81%9B%E3%82%93-%E3%83%8D%E3%82%A4%E3%83%86%E3%82%A3%E3%83%96%E3%82%A2%E3%83%A1%E3%83%AA%E3%82%AB%E3%83%B3%E3%81%AE%E7%9F%A5%E3%82%89%E3%82%8C%E3%81%96%E3%82%8B%E7%94%9F%E3%81%8D%E6%A7%98-coten-radio/id1450522865?i=1000472720001,/feed/aHR0cHM6Ly9hbmNob3IuZm0vcy84YzIwODhjL3BvZGNhc3QvcnNz/episode/ZGEyMjlmNmEtNGZmMC00Yzg2LThkNzYtYThmYmFlYjE1MTA5?ved=0CB0QzsICahcKEwiwh6S3_eDpAhUAAAAAHQAAAAAQBg,/watch?v=9rN4BpMDtAo
100,YOUは何しにアメリカへ？命懸けの大航海時代,アメリカ史,アメリカ,商売の邪魔？イスラムの存在／伝説のプレスタージョン、探しにいくぜ！／地球って丸かったんやね／コロンブスの勘違い／アメリカの由来／フランス人、ビーバー皮を買いまくる／ニューヨークの前身は◯◯◯／略奪・征服は鉄板な成長モデル／社会の弾かれ者がいくアメリカ新天地／死にまくる、殺しまくる／ネイティブアメリカンと吉田松陰との意外な関係！？／樋口さんはアメスピを吸ってた／苦境から始まるアメリカのライジング／,https://podcasts.apple.com/jp/podcast/100-you%E3%81%AF%E4%BD%95%E3%81%97%E3%81%AB%E3%82%A2%E3%83%A1%E3%83%AA%E3%82%AB%E3%81%B8-%E5%91%BD%E6%87%B8%E3%81%91%E3%81%AE%E5%A4%A7%E8%88%AA%E6%B5%B7%E6%99%82%E4%BB%A3-coten-radio/id1450522865?i=1000473067174,/feed/aHR0cHM6Ly9hbmNob3IuZm0vcy84YzIwODhjL3BvZGNhc3QvcnNz/episode/Y2VlM2Q2MmItMjU0NC00NThjLTgxY2MtMzNmYzJkZjkzMmE3?ved=0CBsQzsICahcKEwiwh6S3_eDpAhUAAAAAHQAAAAAQBg,/watch?v=A1oZQsGWVkw
101,植民地はこうして作られた！アメリカの知られざる3つのルーツ,アメリカ史,アメリカ,やっと人が住めたよアメリカ！／超複雑な利害関係でスタート／まだまだイギリスが親分の時代／マサチューセッツもペンシルバニアもニューヨークも出てくるよ／試験に出るよ！ピルグリムファーザーズ／メイドにベタ惚れ、国を巻き込んだ色恋沙汰／コロコロ宗教が変わるイギリスに愛想を尽かす／オレたちは楽園を創るZE！／ネイティブアメリカンの皆さん、食糧ください・・・／,https://podcasts.apple.com/jp/podcast/101-%E6%A4%8D%E6%B0%91%E5%9C%B0%E3%81%AF%E3%81%93%E3%81%86%E3%81%97%E3%81%A6%E4%BD%9C%E3%82%89%E3%82%8C%E3%81%9F-%E3%82%A2%E3%83%A1%E3%83%AA%E3%82%AB%E3%81%AE%E7%9F%A5%E3%82%89%E3%82%8C%E3%81%96%E3%82%8B3%E3%81%A4%E3%81%AE%E3%83%AB%E3%83%BC%E3%83%84-coten-radio/id1450522865?i=1000473465134,/feed/aHR0cHM6Ly9hbmNob3IuZm0vcy84YzIwODhjL3BvZGNhc3QvcnNz/episode/ZDMzY2Y4MjEtY2MwNy00ZTZlLTkzZDAtMTg1ODljNWRiOGM3?ved=0CBkQzsICahcKEwiwh6S3_eDpAhUAAAAAHQAAAAAQBg,/watch?v=fbce8SoyWRE
102,"Join, or Die！― アメリカ、自由を求めて独立へ",アメリカ史,アメリカ,そろそろ植民地事業の投資回収を・・・／帽子にもトランプにも税金／ジョージ・ワシントン、先走る男／カナダ、ゲットだぜ！／植民地、キレる／ネイティブアメリカンに使われたバイオ兵器／スーパースター系偉人の登場／王様のいない国っでどゆこと？／お前には何ができる？／茶っぱで始まる大喧嘩／かかってこいや！！／,https://podcasts.apple.com/jp/podcast/102-join-or-die-%E3%82%A2%E3%83%A1%E3%83%AA%E3%82%AB-%E8%87%AA%E7%94%B1%E3%82%92%E6%B1%82%E3%82%81%E3%81%A6%E7%8B%AC%E7%AB%8B%E3%81%B8-coten-radio/id1450522865?i=1000473805485,/feed/aHR0cHM6Ly9hbmNob3IuZm0vcy84YzIwODhjL3BvZGNhc3QvcnNz/episode/ZTc1MzU4NDEtN2Q2YS00MmRjLThkYWEtZWQ2NjMxMzUyZDM2?ved=0CBUQzsICahcKEwiwh6S3_eDpAhUAAAAAHQAAAAAQBg,/watch?v=MHJQukWvIlo
103,13の植民地がONE TEAMに！？アメリカ独立戦争勃発,アメリカ史,アメリカ,13植民地、一同に会す／独立派 vs イギリス派 vs 無関心派／お前ら、なんで武器集めとんねん！／大英帝国の舐めプレイ／俺たちの軍隊、弱すぎ？／ワシントン、司令官着任／まとまらない植民地たち／アメリカは矛盾に強い人たち？／ゆるーい軍事同盟／世界中にUSA！USA！／ナポレオン、土地売ります。／イギリスに勝ったし、じゃあ国つくるか！←ちょまて／,https://podcasts.apple.com/jp/podcast/105-%E3%82%A2%E3%83%A1%E3%83%AA%E3%82%AB%E8%A5%BF%E9%83%A8%E9%96%8B%E6%8B%93%E6%99%82%E4%BB%A3-%E8%A8%B1%E3%81%95%E3%82%8C%E3%81%96%E3%82%8B%E8%80%85%E9%81%94%E3%81%AE%E7%8B%82%E5%AE%B4-coten-radio/id1450522865?i=1000474905394,/feed/aHR0cHM6Ly9hbmNob3IuZm0vcy84YzIwODhjL3BvZGNhc3QvcnNz/episode/NzFmYTg5ZWMtYTU2ZS00Mzg4LWJlZGMtNDBkMmM0YzA3NWU2?ved=0CBMQzsICahcKEwiwh6S3_eDpAhUAAAAAHQAAAAAQBg,/watch?v=t6ANLw1KLc0
104,"《C'mon, baby アメリカ！》U.S.A.爆誕《ユナイテッドする朝焼け》",アメリカ史,アメリカ,アメリカ、一応誕生したけど・・・／国家権力、弱すぎ！？／まとめの神・深井／ついに登場する大統領という仕事／国に権力もたせ過ぎちゃいかん！／独裁者になりたくなかったジョージ・ワシントン／そして誰も守らなくなった約束／最初から自由競争OKな国／西部劇の幕上がる／銃ってかっこいいよね／ネイティブ・アメリカンを遠慮せずにバンバン殺そう／国家の神経＝鉄道＆モールス信号,https://podcasts.apple.com/jp/podcast/104-cmon-baby-%E3%82%A2%E3%83%A1%E3%83%AA%E3%82%AB-u-s-a-%E7%88%86%E8%AA%95-%E3%83%A6%E3%83%8A%E3%82%A4%E3%83%86%E3%83%83%E3%83%89%E3%81%99%E3%82%8B%E6%9C%9D%E7%84%BC%E3%81%91-coten-radio/id1450522865?i=1000474501078,/feed/aHR0cHM6Ly9hbmNob3IuZm0vcy84YzIwODhjL3BvZGNhc3QvcnNz/episode/NzNmOGQ0NWMtM2ZjMS00ZjUwLWExNTctZWJhNzMzYzc5NTg2?ved=0CBEQzsICahcKEwiwh6S3_eDpAhUAAAAAHQAAAAAQBg,/watch?v=2Z8rlCyOcAg
105,アメリカ西部開拓時代 ― 許されざる者達の狂宴,アメリカ史,アメリカ,カウボーイは地味な仕事／渡る世間はチンピラばかり／西部、治安悪すぎ！？／美化された西部劇／アバズレの息子のシチュー／クリント・イーストウッドが好き過ぎる深井／賞金首で稼ぐ！／テキサスレンジャーズはきゃりーぱみゅぱみゅ／酒屋は地域のプラットフォーム／暗殺が職業として存在する／みんな大好き！リーバイスの誕生／とにかくカオス／,https://podcasts.apple.com/jp/podcast/105-%E3%82%A2%E3%83%A1%E3%83%AA%E3%82%AB%E8%A5%BF%E9%83%A8%E9%96%8B%E6%8B%93%E6%99%82%E4%BB%A3-%E8%A8%B1%E3%81%95%E3%82%8C%E3%81%96%E3%82%8B%E8%80%85%E9%81%94%E3%81%AE%E7%8B%82%E5%AE%B4-coten-radio/id1450522865?i=1000474905394,/feed/aHR0cHM6Ly9hbmNob3IuZm0vcy84YzIwODhjL3BvZGNhc3QvcnNz/episode/OTllNzYyMmYtNzNhZS00NjkwLWJhNDMtMmVjMjNjZmU5YjRk?ved=0CA8QzsICahcKEwiwh6S3_eDpAhUAAAAAHQAAAAAQBg,/watch?v=VklRTSdCi0k
106,奴隷制をめぐってアメリカ分裂！？南北戦争,アメリカ史,アメリカ,最後・最大の内戦・南北戦争／ネイティブアメリカンを奴隷にしようとしたが・・・／白人奴隷／労働力、労働力、いくらでも欲しい！／どっちが本当の気持ち？アメリカさんよ！／もし九州が奴隷制だったら？／奴隷制を辞められない南部の事情／奴隷制を廃止したい北部の打算／南部、独立して国つくる／リンカーンへの誤解／最初は舐めプしてしまった北軍／僕たちはまだ本当のアメリカを知らない／,https://podcasts.apple.com/jp/podcast/106-%E5%A5%B4%E9%9A%B7%E5%88%B6%E3%82%92%E3%82%81%E3%81%90%E3%81%A3%E3%81%A6%E3%82%A2%E3%83%A1%E3%83%AA%E3%82%AB%E5%88%86%E8%A3%82-%E5%8D%97%E5%8C%97%E6%88%A6%E4%BA%89-coten-radio/id1450522865?i=1000475238331,/feed/aHR0cHM6Ly9hbmNob3IuZm0vcy84YzIwODhjL3BvZGNhc3QvcnNz/episode/MTVkODViNDUtZjNlNi00MTZhLWFmMWItODFlN2U0YTdmNWU3?ved=0CA0QzsICahcKEwiwh6S3_eDpAhUAAAAAHQAAAAAQBg,/watch?v=Qu-u8TXdkAo
107,ヘレン・ケラーとアン・サリヴァン ― 愛とキセキの物語,,アメリカ,【今回の内容】Apple Podcast ランキング1位！／NHKをぶっ壊した？COTEN RADIO／言葉を覚える前に視覚と聴覚を失うこと／楽観的で努力家なヘレン／物には名前があることを知らない／障がい児教育の偉業／前代未聞のハーバード大学合格／人生ハードモード過ぎたサリヴァン先生／絶望の救貧院／14歳まで名前が書けない／一心不乱な猛勉強／奇跡の首席卒業／サリヴァン先生...既に偉人やん／,https://podcasts.apple.com/jp/podcast/107-%E3%83%98%E3%83%AC%E3%83%B3-%E3%82%B1%E3%83%A9%E3%83%BC%E3%81%A8%E3%82%A2%E3%83%B3-%E3%82%B5%E3%83%AA%E3%83%B4%E3%82%A1%E3%83%B3-%E6%84%9B%E3%81%A8%E3%82%AD%E3%82%BB%E3%82%AD%E3%81%AE%E7%89%A9%E8%AA%9E-coten-radio/id1450522865?i=1000476356829,/feed/aHR0cHM6Ly9hbmNob3IuZm0vcy84YzIwODhjL3BvZGNhc3QvcnNz/episode/YmJlNTg5ZWMtM2FjMC00OWIyLTkxZGUtMDcyM2E3N2ZiMDQw?ved=0CAcQ38oDahcKEwiwh6S3_eDpAhUAAAAAHQAAAAAQBg,/watch?v=L6uz2z_UR-E
ex.0,韓非子 ― 部下が上司に本音を相談できないときどうすればいい？,,,"国内外のリスナーの皆様のおかげで、昨年9月より始まったコテンラジオは10万再生を達成しました！ 
最近はご感想、ご提案のメッセージも頂くようになり、番組制作のエネルギーになっています！ 本当にありがとうございます。 そこで今回は記念として、コテンラジオ第1回目の収録を「幻の番外編 #0」と題しまして、ポッドキャストで初公開致します。 そもそも番組名も「コテンラジオ」ですらなく、「歴史CHACHACHA ラジオ！」という名前でしたし、収録もその場で急遽決まったようなもの。 事前準備も心の準備もゼロ、純度100%の即興録りでした。 ",https://podcasts.apple.com/jp/podcast/10%E4%B8%87%E5%86%8D%E7%94%9F%E8%A8%98%E5%BF%B5-%E5%B9%BB%E3%81%AE%E3%83%87%E3%83%A2%E7%89%88-%E9%9F%93%E9%9D%9E%E5%AD%90-%E9%83%A8%E4%B8%8B%E3%81%8C%E4%B8%8A%E5%8F%B8%E3%81%AB%E6%9C%AC%E9%9F%B3%E3%82%92%E7%9B%B8%E8%AB%87%E3%81%A7%E3%81%8D%E3%81%AA%E3%81%84%E3%81%A8%E3%81%8D%E3%81%A9%E3%81%86%E3%81%99%E3%82%8C%E3%81%B0%E3%81%84%E3%81%84-coten-radio/id1450522865?i=1000448355069,https://podcasts.google.com/feed/aHR0cHM6Ly9hbmNob3IuZm0vcy84YzIwODhjL3BvZGNhc3QvcnNz/episode/M2YwMTBjYzAtZWEyYi1iN2JmLWEyMTktZmVlYzVkZWViOTMy?ved=0CKkBEM7CAmoXChMIsNHrzPPf6QIVAAAAAB0AAAAAECc,/watch?v=cfc9wvaiiX4
ex.01,古代のソーシャルベンチャー起業家「墨子」,,,"【ポイント】
①ソーシャルベンチャーの最大の課題は「理想と現実のギャップの大きさ」の処理の仕方
②現実に挑むだけの実力を持った状態で理想を説くが、世の中どころか弟子すらもその理想を理解できなかった
③しかし墨子は弟子に理想の押し付けはせず、理解してくれない彼らを排除もしなかった。ただ行動の化身となって城を守り、死ぬまで理想を説い続けた。",https://podcasts.apple.com/jp/podcast/%E7%95%AA%E5%A4%96%E7%B7%A8-1-%E5%8F%A4%E4%BB%A3%E3%81%AE%E3%82%BD%E3%83%BC%E3%82%B7%E3%83%A3%E3%83%AB%E3%83%99%E3%83%B3%E3%83%81%E3%83%A3%E3%83%BC%E8%B5%B7%E6%A5%AD%E5%AE%B6-%E5%A2%A8%E5%AD%90-coten-radio/id1450522865?i=1000431592572,https://podcasts.google.com/feed/aHR0cHM6Ly9hbmNob3IuZm0vcy84YzIwODhjL3BvZGNhc3QvcnNz/episode/ZjIxODkyNTQtNzhkNS02NDY1LTA3N2EtOWQ2NWYwMzQ0MmZm?ved=0CPkBEM7CAmoXChMIsNHrzPPf6QIVAAAAAB0AAAAAECc,/watch?v=NspEoxQg5Mg
ex.02,今の時代になぜリベラルアーツが大切なのか？,,,"【ポイント】
①リベラルアーツとは今までの自分では持ち得無かった新しい世界理解のための「フレームワーク」
②既存の思考フレームワークにリベラルアーツを押し込んでも、それは単なる「雑学とハウツー」のであって「リベラルアーツ」ではない
③複雑多様化する社会において、複数の価値観の軸を持つことがそれぞれの人に合った「幸せ」の実現に繋がり、リベラルアーツはその機能を持っている",https://podcasts.apple.com/jp/podcast/%E7%95%AA%E5%A4%96%E7%B7%A8-2-%E4%BB%8A%E3%81%AE%E6%99%82%E4%BB%A3%E3%81%AB%E3%81%AA%E3%81%9C%E3%83%AA%E3%83%99%E3%83%A9%E3%83%AB%E3%82%A2%E3%83%BC%E3%83%84%E3%81%8C%E5%A4%A7%E5%88%87%E3%81%AA%E3%81%AE%E3%81%8B-coten-radio/id1450522865?i=1000431592573,https://podcasts.google.com/feed/aHR0cHM6Ly9hbmNob3IuZm0vcy84YzIwODhjL3BvZGNhc3QvcnNz/episode/MWQzZmVjYjctNTBkOS04MmJlLTNiNGQtOTM1MTZlN2UzNGMy?ved=0CPcBEM7CAmoXChMIsNHrzPPf6QIVAAAAAB0AAAAAECc,/watch?v=aqFOpBWfEec
ex.03,老いても最前線で戦う秦国の宰相・百里奚から学ぶ,,,"【ポイント】
①百里奚は秦の西側にいる異民族勢力を恭順させ、秦の版図が一気に拡大した最初のきっかけをつくった
②百里奚は40代で仕官、60代でやっと大臣になった。かと思えばまた奴隷に落とされるという、普通の人なら人生を諦めてもおかしくない展開に見舞われていた
③しかしどん底から更に再起を図り、秦の宰相にまで上り詰めた。まさに究極の大器晩成型",https://podcasts.apple.com/jp/podcast/%E7%95%AA%E5%A4%96%E7%B7%A8-3-%E8%80%81%E3%81%84%E3%81%A6%E3%82%82%E6%9C%80%E5%89%8D%E7%B7%9A%E3%81%A7%E6%88%A6%E3%81%86%E7%A7%A6%E5%9B%BD%E3%81%AE%E5%AE%B0%E7%9B%B8-%E7%99%BE%E9%87%8C%E5%A5%9A%E3%81%8B%E3%82%89%E5%AD%A6%E3%81%B6-coten-radio/id1450522865?i=1000431592571,https://podcasts.google.com/feed/aHR0cHM6Ly9hbmNob3IuZm0vcy84YzIwODhjL3BvZGNhc3QvcnNz/episode/OTNmYzFhYjMtNjJkNi04NjQ3LTE1NjctYzM4ZGNhZTQyNzMz?ved=0CPUBEM7CAmoXChMIsNHrzPPf6QIVAAAAAB0AAAAAECc,/watch?v=4ZYhBq-9V8Q
ex.04,リベラルアーツって役立つの？,,,"■ポイント■
・リベラルアーツが保有する最大の威力は「既存の思考フレームワークの破壊」
・仕事に役立つか役立たないかの前提でリベラルアーツを勉強しても雑学以上になりにくい
・組織の多様性マネジメントにリベラルアーツはかなり活かせる",https://podcasts.apple.com/jp/podcast/%E7%95%AA%E5%A4%96%E7%B7%A8-4-%E3%83%AA%E3%83%99%E3%83%A9%E3%83%AB%E3%82%A2%E3%83%BC%E3%83%84%E3%81%A3%E3%81%A6%E5%BD%B9%E7%AB%8B%E3%81%A4%E3%81%AE-coten-radio/id1450522865?i=1000433577957,https://podcasts.google.com/feed/aHR0cHM6Ly9hbmNob3IuZm0vcy84YzIwODhjL3BvZGNhc3QvcnNz/episode/ZTkzZTY4ZjYtYTgxNi1mYWVmLWQ5ZjgtODBhZTJmMTFkMzkz?ved=0CO8BEM7CAmoXChMIsNHrzPPf6QIVAAAAAB0AAAAAECc,/watch?v=CBFx2IRUdLE
ex.05,やりたい仕事と得意な仕事、どっちが大事？,,,"【ポイント】
①自分が最もエネルギーをリリースできる仕事内容と人間関係は何かを把握する
②仕事の中で辛いことに遭遇した時、自分はどういう気持ちの出方をするのかを自覚する
③一時的に収入を下げてでも「投資的」な仕事に挑戦し、ステップアップの土台を継続的に形成していく",https://podcasts.apple.com/jp/podcast/%E7%95%AA%E5%A4%96%E7%B7%A8-6-%E7%A4%BE%E4%BC%9A%E3%81%AB%E6%9C%80%E3%82%82%E5%BD%B1%E9%9F%BF%E3%82%92%E4%B8%8E%E3%81%88%E3%82%8B%E3%81%AE%E3%81%AF-%E8%A1%8C%E7%82%BA-%E4%BB%A5%E4%B8%8A%E3%81%AB-%E5%AD%98%E5%9C%A8-%E3%81%A7%E3%81%82%E3%82%8B-coten-radio/id1450522865?i=1000434339697,https://podcasts.google.com/feed/aHR0cHM6Ly9hbmNob3IuZm0vcy84YzIwODhjL3BvZGNhc3QvcnNz/episode/YzYxMWU0ODUtODIyZS1lZTdjLTg5MzktNGZiNTRkNzQ2YTJh?ved=0COkBEM7CAmoXChMIsNHrzPPf6QIVAAAAAB0AAAAAECc,/watch?v=hf26Bx8QXno
ex.06,社会に最も影響を与えるのは「行為」以上に「存在」である,,,"【ポイント】
①歴史上、行為よりも存在によって後世に巨大な影響を与えている現象が物凄く多い
②リベラルアーツによって短期的な評価軸だけでなく長期的な評価軸を持つ
③価値判断行動から距離を置いたフラットなマインドを意識する",https://podcasts.apple.com/jp/podcast/%E7%95%AA%E5%A4%96%E7%B7%A8-6-%E7%A4%BE%E4%BC%9A%E3%81%AB%E6%9C%80%E3%82%82%E5%BD%B1%E9%9F%BF%E3%82%92%E4%B8%8E%E3%81%88%E3%82%8B%E3%81%AE%E3%81%AF-%E8%A1%8C%E7%82%BA-%E4%BB%A5%E4%B8%8A%E3%81%AB-%E5%AD%98%E5%9C%A8-%E3%81%A7%E3%81%82%E3%82%8B-coten-radio/id1450522865?i=1000434339697,https://podcasts.google.com/feed/aHR0cHM6Ly9hbmNob3IuZm0vcy84YzIwODhjL3BvZGNhc3QvcnNz/episode/MDJmNzdjZjgtOWI5My1jZDk4LWI4ZmQtNTQ2ZGVjODRkMmFl?ved=0COcBEM7CAmoXChMIsNHrzPPf6QIVAAAAAB0AAAAAECc,/watch?v=Zb-eFj2Bhgg
ex.07,初ベトナムで感じた刺激と衝撃,,,"ゴールデンウィークで幕開けた新時代・令和。
株式会社コテン代表の深井が、奥さんと楽しんだ夫婦水入らずなベトナム旅について語ります。
東南アジア初上陸。日本での激務な日々から一転、ゆったりとした時間の流れによって解きほぐされていったものとは？",https://podcasts.apple.com/jp/podcast/%E7%95%AA%E5%A4%96%E7%B7%A8-7-%E5%88%9D%E3%83%99%E3%83%88%E3%83%8A%E3%83%A0%E3%81%A7%E6%84%9F%E3%81%98%E3%81%9F%E5%88%BA%E6%BF%80%E3%81%A8%E8%A1%9D%E6%92%83-coten-radio/id1450522865?i=1000441037735,https://podcasts.google.com/feed/aHR0cHM6Ly9hbmNob3IuZm0vcy84YzIwODhjL3BvZGNhc3QvcnNz/episode/MTNlYjUyZmQtZmU0OC1kMDFmLWQzN2ItYjQxYWM4OGFjNmMw?ved=0CM8BEM7CAmoXChMIsNHrzPPf6QIVAAAAAB0AAAAAECc,/watch?v=tVrtIz-dDY8
ex.08,ハゲのリベラルアーツ ― 遺伝子が与えてくれた出家,,,"【ポイント 】
①ハゲだと気づいた瞬間、オスとしての不全への恐怖を人生で初めて体感した 
②人間いっぺんハゲてみると、世の中の8割のことはどうでもよくなって、精神の自由を手にすることができる 
③ハゲとは遺伝子が与えてくれる出家である",https://podcasts.apple.com/jp/podcast/%E7%95%AA%E5%A4%96%E7%B7%A8-8-%E3%83%8F%E3%82%B2%E3%81%AE%E3%83%AA%E3%83%99%E3%83%A9%E3%83%AB%E3%82%A2%E3%83%BC%E3%83%84-%E9%81%BA%E4%BC%9D%E5%AD%90%E3%81%8C%E4%B8%8E%E3%81%88%E3%81%A6%E3%81%8F%E3%82%8C%E3%81%9F%E5%87%BA%E5%AE%B6-coten-radio/id1450522865?i=1000445247313,https://podcasts.google.com/feed/aHR0cHM6Ly9hbmNob3IuZm0vcy84YzIwODhjL3BvZGNhc3QvcnNz/episode/Mjk1NWVkY2MtMjc1Mi04ZjIzLWQ2ZDYtYmFlOTQyZmQ2OWQz?ved=0CL8BEM7CAmoXChMIsNHrzPPf6QIVAAAAAB0AAAAAECc,/watch?v=7Rs4sUMiFwM
ex.09,ヤンヤンって普段は何してるの？,,,"【ポイント】
①青柳さんは毎日欠かさずコテンラジオを聴くヘビーユーザー
②株式会社コテンでは人類3500年分の歴史を検索できる歴史情報データベースを開発中
③コテンメンバーのヤンヤン（楊）は女子大生のフリをしてゴーストライターをやったことがある ",https://podcasts.apple.com/jp/podcast/%E7%95%AA%E5%A4%96%E7%B7%A8-9-%E3%83%A4%E3%83%B3%E3%83%A4%E3%83%B3%E3%81%A3%E3%81%A6%E6%99%AE%E6%AE%B5%E3%81%AF%E4%BD%95%E3%81%97%E3%81%A6%E3%82%8B%E3%81%AE-coten-radio/id1450522865?i=1000447774186,https://podcasts.google.com/feed/aHR0cHM6Ly9hbmNob3IuZm0vcy84YzIwODhjL3BvZGNhc3QvcnNz/episode/M2NkMDIzMWMtMGY5MS0xMzg2LWRmNGEtOWYzODM1ZWFjMWFh?ved=0CK0BEM7CAmoXChMIsNHrzPPf6QIVAAAAAB0AAAAAECc,/watch?v=Tz0-BurSE84
ex.10,COTENって何してる会社？,,,"【ポイント】
①多数の価値観が同時に存在し協力をし合う「調和」が価値を生む時代において、調和の有無を決めるのは人文学センスだ
②相手の文脈に着地して、そこから物事を理解しようとするマインドが個人に益々求められる
③人間は自分と他者との差分によってしか自身を理解できない ",https://podcasts.apple.com/jp/podcast/%E7%95%AA%E5%A4%96%E7%B7%A8-10-coten%E3%81%A3%E3%81%A6%E4%BD%95%E3%81%97%E3%81%A6%E3%82%8B%E4%BC%9A%E7%A4%BE-coten-radio/id1450522865?i=1000448039511,https://podcasts.google.com/feed/aHR0cHM6Ly9hbmNob3IuZm0vcy84YzIwODhjL3BvZGNhc3QvcnNz/episode/ZjgxY2VmYWMtMzA2MC1lMjk1LTU5NGYtYzlhYjBhYzFkZTNh?ved=0CKsBEM7CAmoXChMIsNHrzPPf6QIVAAAAAB0AAAAAECc,/watch?v=lH2DmkFkYqQ
ex.11,ヤンヤン、人生初めての合コン！その時、革命が起きた。,,,"第11回目となる番外編では、最近人生で初めて合コンに参加したというコテンの中国人メンバー・ヤンヤンの合コン体験談を中心にお送りします。
男と女の鍔迫り合いが交差する仁義なき空間。草食系中国人の彼はついに革命を起し、斜め上をゆく悟りを得てしまう。",https://podcasts.apple.com/jp/podcast/%E7%95%AA%E5%A4%96%E7%B7%A8-11-%E3%83%A4%E3%83%B3%E3%83%A4%E3%83%B3-%E4%BA%BA%E7%94%9F%E5%88%9D%E3%82%81%E3%81%A6%E3%81%AE%E5%90%88%E3%82%B3%E3%83%B3-%E3%81%9D%E3%81%AE%E6%99%82-%E9%9D%A9%E5%91%BD%E3%81%8C%E8%B5%B7%E3%81%8D%E3%81%9F-coten-radio/id1450522865?i=1000452556632,https://podcasts.google.com/feed/aHR0cHM6Ly9hbmNob3IuZm0vcy84YzIwODhjL3BvZGNhc3QvcnNz/episode/YTk4MjUyNTMtMjM3Ni1hYTQxLTkwMDMtZTcxMTVkODg1YmI3?ved=0CJUBEM7CAmoXChMIsNHrzPPf6QIVAAAAAB0AAAAAECc,/watch?v=WgwiXBLmFEw
ex.12,当たり前レボリューション！それ、ホントに当たり前ですか？,,,"【ポイント】
①「気が利かないなぁ」彼女の一言にマジ説教をかます（樋口）
②人の話を5分以上聞けない（深井）
③男は男らしく、女は女らしくという風潮にフランス革命を起していきたい（楊）",https://podcasts.apple.com/jp/podcast/%E7%95%AA%E5%A4%96%E7%B7%A8-12-%E5%BD%93%E3%81%9F%E3%82%8A%E5%89%8D%E3%83%AC%E3%83%9C%E3%83%AA%E3%83%A5%E3%83%BC%E3%82%B7%E3%83%A7%E3%83%B3-%E3%81%9D%E3%82%8C-%E3%83%9B%E3%83%B3%E3%83%88%E3%81%AB%E5%BD%93%E3%81%9F%E3%82%8A%E5%89%8D%E3%81%A7%E3%81%99%E3%81%8B-coten-radio/id1450522865?i=1000452942225,https://podcasts.google.com/feed/aHR0cHM6Ly9hbmNob3IuZm0vcy84YzIwODhjL3BvZGNhc3QvcnNz/episode/NTM0NjZjMjItNWE5NS1jNmQ2LTUwZmItZDM3NmJhYWZhYTYw?ved=0CJMBEM7CAmoXChMIsNHrzPPf6QIVAAAAAB0AAAAAECc,/watch?v=beOQaRkGsao
ex.13,19万再生達成！お便り紹介,,,さて、第13回目となる番外編では、リスナーの皆さまから頂きましたご感想、ご提案、ご意見を紹介させて頂きます。,https://podcasts.apple.com/jp/podcast/%E7%95%AA%E5%A4%96%E7%B7%A8-13-19%E4%B8%87%E5%86%8D%E7%94%9F%E9%81%94%E6%88%90-%E3%81%8A%E4%BE%BF%E3%82%8A%E7%B4%B9%E4%BB%8B-coten-radio/id1450522865?i=1000456129468,https://podcasts.google.com/feed/aHR0cHM6Ly9hbmNob3IuZm0vcy84YzIwODhjL3BvZGNhc3QvcnNz/episode/NDRjZmIxZGEtOWJlNi1hYzI3LWQ2MmUtYmQ3ZDg3NjY1YmU3?ved=0CIMBEM7CAmoXChMIsNHrzPPf6QIVAAAAAB0AAAAAECc,/watch?v=fpCli5C_HsY
ex.14,スタートアップから天下を獲った英雄・曹操,,,"【ポイント】
①曹操は軍事のみならず、政治、芸術、文学、人材運用など、あらゆるステータスのレベルが群を抜いて高かった「バランス型」のリーダーだった
②儒教の修得度合いが人材としての価値の有無を判断するほぼ唯一の基準だった時代に、乱世という外部環境の激変に対応できる人材を集めるために、従来の儒教ベースの採用基準を思いっ切り変えたところに曹操の人材活用の革新性がある
③曹操は戦争ばかりやっていたわけではなく、勉強も欠かさなかった。その勉強量はおそらく劉備や孫権を遥かに凌ぎ、教養の水準は非常に高かった。詩人として今の中国でも有名。",https://podcasts.apple.com/jp/podcast/%E5%85%AC%E9%96%8B%E5%8F%8E%E9%8C%B2-%E7%95%AA%E5%A4%96%E7%B7%A8-14-%E3%82%B9%E3%82%BF%E3%83%BC%E3%83%88%E3%82%A2%E3%83%83%E3%83%97%E3%81%8B%E3%82%89%E5%A4%A9%E4%B8%8B%E3%82%92%E7%8D%B2%E3%81%A3%E3%81%9F%E8%8B%B1%E9%9B%84-%E6%9B%B9%E6%93%8D-coten-radio/id1450522865?i=1000456402840,https://podcasts.google.com/feed/aHR0cHM6Ly9hbmNob3IuZm0vcy84YzIwODhjL3BvZGNhc3QvcnNz/episode/MTI1YTRkODItYWQzYS01NTNjLTMyNjQtN2YxYTVkMTczMTI2?ved=0CIEBEM7CAmoXChMIsNHrzPPf6QIVAAAAAB0AAAAAECc,/watch?v=8JziyXOukkA
ex.15,50万再生に感謝を込めて♥お便り紹介！,,,さて、第15回目となる番外編では、リスナーの皆さまから頂きましたご感想のうち、特にコテンメンバーがぐっと来た2通を取りあげ、ご紹介させて頂きます。,https://podcasts.apple.com/jp/podcast/%E7%95%AA%E5%A4%96%E7%B7%A8-15-50%E4%B8%87%E5%86%8D%E7%94%9F%E3%81%AB%E6%84%9F%E8%AC%9D%E3%82%92%E8%BE%BC%E3%82%81%E3%81%A6-%E3%81%8A%E4%BE%BF%E3%82%8A%E7%B4%B9%E4%BB%8B-coten-radio/id1450522865?i=1000459683814,https://podcasts.google.com/feed/aHR0cHM6Ly9hbmNob3IuZm0vcy84YzIwODhjL3BvZGNhc3QvcnNz/episode/OTY0ZTdiYmMtNDA2Zi0yNTI1LTNiOTYtZDliYzZlZDZkY2Vj?ved=0CGkQzsICahcKEwiw0evM89_pAhUAAAAAHQAAAAAQJw,/watch?v=9dd7A2X-pR8
ex.16,中国四千年のハゲ！ヤンヤン、静かに語る。― 中国はなぜ統一したがるのか？,,,歴史ギークたちが語る、世界の歴史キュレーションラジオ・コテンラジオ番外編です！  コテンチーム唯一の外国人メンバー・ヤンヤンが、自身が農業を始めたきっかけから、中国共産党への賄賂の渡し方まで、静かに語ります。  どうぞご視聴ください。  【ポイント】 ①ろくに就活しなかったヤンヤンは大学卒業式の次の日から田舎の山中で筍を掘り始めた ②ゼロからイチゴをつくり、それをお金に変えていく営為はヤンヤンにとって生命創出に匹敵する宇宙体験だった  ③戦乱を終わらせ、国家に安寧と秩序をもたらすソリューションとして「統一」が歴史的に最上の手段と中国でみなされ、国家統治に対する評価基準であり続けてきた  ,https://podcasts.apple.com/jp/podcast/%E7%95%AA%E5%A4%96%E7%B7%A8-16-%E4%B8%AD%E5%9B%BD%E5%9B%9B%E5%8D%83%E5%B9%B4%E3%81%AE%E3%83%8F%E3%82%B2-%E3%83%A4%E3%83%B3%E3%83%A4%E3%83%B3-%E9%9D%99%E3%81%8B%E3%81%AB%E8%AA%9E%E3%82%8B-%E4%B8%AD%E5%9B%BD%E3%81%AF%E3%81%AA%E3%81%9C%E7%B5%B1%E4%B8%80%E3%81%97%E3%81%9F%E3%81%8C%E3%82%8B%E3%81%AE%E3%81%8B-coten-radio/id1450522865?i=1000460007898,https://podcasts.google.com/feed/aHR0cHM6Ly9hbmNob3IuZm0vcy84YzIwODhjL3BvZGNhc3QvcnNz/episode/MTU4M2M3ZDAtYTQ3ZS02NjIwLTRjZjctODJhODllYTMwZDA1?ved=0CGcQzsICahcKEwiw0evM89_pAhUAAAAAHQAAAAAQJw,/watch?v=NscLobu_iFU
ex.17,時空を自由に超えたいな♪もしもタイムマシンに乗れたなら,,,「タイムマシンがあったら、どこに行く？」という樋口の問いから始まる、抱腹絶倒間違いなしの珍回答100連発！ ,https://podcasts.apple.com/jp/podcast/%E7%95%AA%E5%A4%96%E7%B7%A8-17-%E6%99%82%E7%A9%BA%E3%82%92%E8%87%AA%E7%94%B1%E3%81%AB%E8%B6%85%E3%81%88%E3%81%9F%E3%81%84%E3%81%AA-%E3%82%82%E3%81%97%E3%82%82%E3%82%BF%E3%82%A4%E3%83%A0%E3%83%9E%E3%82%B7%E3%83%B3%E3%81%AB%E4%B9%97%E3%82%8C%E3%81%9F%E3%81%AA%E3%82%89-coten-radio/id1450522865?i=1000462638026,https://podcasts.google.com/feed/aHR0cHM6Ly9hbmNob3IuZm0vcy84YzIwODhjL3BvZGNhc3QvcnNz/episode/NGRlMzQ0ZjAtOTJlMS00MDRmLTk2NWMtZmI0ZjhjZGU4ZGUx?ved=0CFcQzsICahcKEwiw0evM89_pAhUAAAAAHQAAAAAQJw,/watch?v=4ZuQVvjMWJo
ex.18,「死」について本気出して考えてみた。,,,"今まで最も「死」に近づいた瞬間について語り合いました。  
シリアス9割、笑い1割の回です。 
どうぞご視聴ください。",https://podcasts.apple.com/jp/podcast/%E7%95%AA%E5%A4%96%E7%B7%A8-18-%E6%AD%BB-%E3%81%AB%E3%81%A4%E3%81%84%E3%81%A6%E6%9C%AC%E6%B0%97%E5%87%BA%E3%81%97%E3%81%A6%E8%80%83%E3%81%88%E3%81%A6%E3%81%BF%E3%81%9F-coten-radio/id1450522865?i=1000463081496,https://podcasts.google.com/feed/aHR0cHM6Ly9hbmNob3IuZm0vcy84YzIwODhjL3BvZGNhc3QvcnNz/episode/NDYwMzAzZWYtYTQ4OC00ZDBlLWI1ZTMtMGM0N2FjMTVmYzM5?ved=0CFMQzsICahcKEwiw0evM89_pAhUAAAAAHQAAAAAQJw,/watch?v=qZLgEhDvfe4
ex.19,深井の暗黒時代 ― サークル仲間の女子を一撃で号泣させたヤバすぎる一言,,,歴史ギークたちが語る、世界の歴史キュレーションラジオ・コテンラジオ番外編です！ 今回はコテン代表・深井のTwitterでのつぶやきの中から反響のあったものを取り上げて、みんなで深堀りしていきました。 が、話題はあらぬ方向へ飛び・・・！？ ぜひご視聴ください。    コメントやTwitterで感想を頂けますと嬉しいです！ 【ポイント】 ①深井は大学生の頃まで脳内に「人の気持ちを考える」という思考フローが存在しなかった。 ②人は本当の意味で他人のことを理解できない。しかし自分のフィルターを捨てて他人を理解しようと努力する心のあり方にはとても価値がある。 ③人間にはいい人も悪い人もいない。現象があるだけ、というフラットな姿勢には非常に忍耐力が要求されるが、これを続けるとある瞬間でブレイクスルーが起こる。,https://podcasts.apple.com/jp/podcast/%E7%95%AA%E5%A4%96%E7%B7%A8-19-%E6%B7%B1%E4%BA%95%E3%81%AE%E6%9A%97%E9%BB%92%E6%99%82%E4%BB%A3-%E3%82%B5%E3%83%BC%E3%82%AF%E3%83%AB%E4%BB%B2%E9%96%93%E3%81%AE%E5%A5%B3%E5%AD%90%E3%82%92%E4%B8%80%E6%92%83%E3%81%A7%E5%8F%B7%E6%B3%A3%E3%81%95%E3%81%9B%E3%81%9F%E3%83%A4%E3%83%90%E3%81%99%E3%81%8E%E3%82%8B%E4%B8%80%E8%A8%80-coten-radio/id1450522865?i=1000466451342,https://podcasts.google.com/feed/aHR0cHM6Ly9hbmNob3IuZm0vcy84YzIwODhjL3BvZGNhc3QvcnNz/episode/YzY2ZTQ4NzctZTQ1YS00ZTZjLWE2ZTgtYjVlODUwMjViMzNk?ved=0CD8QzsICahcKEwiw0evM89_pAhUAAAAAHQAAAAAQJw,/watch?v=P_ljizcDCu8
ex.20,経営、歴史、ときどきバンド？音楽を真剣に語ってみた。,,,"【ポイント】
①深井は会議する時と寝る時以外のほぼ全て時間で音楽を聴いている。
②樋口はプロの音楽家として10年間仕事してきたが、実は音楽聴くのがめちゃくちゃ嫌い。
③ヤンヤンは鬼束ちひろと宇多田ヒカルで日本語を勉強した。",https://podcasts.apple.com/jp/podcast/%E7%95%AA%E5%A4%96%E7%B7%A8-20-%E7%B5%8C%E5%96%B6-%E6%AD%B4%E5%8F%B2-%E3%81%A8%E3%81%8D%E3%81%A9%E3%81%8D%E3%83%90%E3%83%B3%E3%83%89-%E9%9F%B3%E6%A5%BD%E3%82%92%E7%9C%9F%E5%89%A3%E3%81%AB%E8%AA%9E%E3%81%A3%E3%81%A6%E3%81%BF%E3%81%9F-coten-radio/id1450522865?i=1000466787979,https://podcasts.google.com/feed/aHR0cHM6Ly9hbmNob3IuZm0vcy84YzIwODhjL3BvZGNhc3QvcnNz/episode/M2RkMDY5MTAtZDM0ZC00ZTkwLWI3YmUtMTI3NjUyYjk3YjVh?ved=0CD0QzsICahcKEwiw0evM89_pAhUAAAAAHQAAAAAQJw,/watch?v=mHHdI87Xnlk
ex.21,人生はゲーム！？僕たちが幸せを感じる瞬間,,,"【ポイント】
①結果的に「幸せじゃない時期」があったからこそ、今の幸せ最大値に繋がっている。
②色んなゲームソフト（＝価値観の軸）をファミコン（＝人生）に差しながらプレイしている感覚。
③樋口はうつ病で死にかけていた時に目の前にコンティニュー画面が現れ、イエス・ノーで迷った末、イエスのボタンを押した。",https://podcasts.apple.com/jp/podcast/%E7%95%AA%E5%A4%96%E7%B7%A8-21-%E4%BA%BA%E7%94%9F%E3%81%AF%E3%82%B2%E3%83%BC%E3%83%A0-%E5%83%95%E3%81%9F%E3%81%A1%E3%81%8C%E5%B9%B8%E3%81%9B%E3%82%92%E6%84%9F%E3%81%98%E3%82%8B%E7%9E%AC%E9%96%93-coten-radio/id1450522865?i=1000467146960,https://podcasts.google.com/feed/aHR0cHM6Ly9hbmNob3IuZm0vcy84YzIwODhjL3BvZGNhc3QvcnNz/episode/YjMzZjJhOTItMTcwZC00MjU4LTk1NWYtMTYwMzZhZTE2ZDAy?ved=0CDsQzsICahcKEwiw0evM89_pAhUAAAAAHQAAAAAQJw,/watch?v=Mv_hUUtY-XY
ex.22,我不是間諜！我愛日本！― ヤンヤンと学ぶローカル四川語,,,"【ポイント】
①ヤンヤンは中国共産党のスパイではなかった。  
②深井は音で外国語の特性を理解する。  
③中国語と日本語とで発話プロセスが異なる；中国語＝発話者が個として意思を込めて言い切る／日本語＝発話の相互乗り入れで空気の意思を形成",https://podcasts.apple.com/jp/podcast/%E7%95%AA%E5%A4%96%E7%B7%A8-22-%E6%88%91%E4%B8%8D%E6%98%AF%E9%96%93%E8%AB%9C-%E6%88%91%E6%84%9B%E6%97%A5%E6%9C%AC-%E3%83%A4%E3%83%B3%E3%83%A4%E3%83%B3%E3%81%A8%E5%AD%A6%E3%81%B6%E3%83%AD%E3%83%BC%E3%82%AB%E3%83%AB%E5%9B%9B%E5%B7%9D%E8%AA%9E-coten-radio/id1450522865?i=1000470919286,https://podcasts.google.com/feed/aHR0cHM6Ly9hbmNob3IuZm0vcy84YzIwODhjL3BvZGNhc3QvcnNz/episode/NDVmYjgyMzctMjUzZC00ODkyLTlhNDEtYzBmMDQzNjc1OWQy?ved=0CCUQzsICahcKEwiw0evM89_pAhUAAAAAHQAAAAAQJw,/watch?v=oAMh4OJxuec
ex.23,介護福祉ベンチャー社長の誰にも言えないヤバ過ぎる相談とは？,,,【ポイント】介護ベンチャーの若き経営者のお話／イタリアでデザイナーやってた人はなんで介護に？／お父さん、介護施設行くってよ／介護ロボット開発／出口のないセクシュアリティの悩み／コテンラジオ初のピー音入り！／自己開示できない経営者／部下に怖がられる経営者／自分が世界をどう見るかの意味って？／結局はキャバクラの話！？／,https://podcasts.apple.com/jp/podcast/%E7%95%AA%E5%A4%96%E7%B7%A8-23-%E4%BB%8B%E8%AD%B7%E7%A6%8F%E7%A5%89%E3%83%99%E3%83%B3%E3%83%81%E3%83%A3%E3%83%BC%E7%A4%BE%E9%95%B7%E3%81%AE%E8%AA%B0%E3%81%AB%E3%82%82%E8%A8%80%E3%81%88%E3%81%AA%E3%81%84%E3%83%A4%E3%83%90%E9%81%8E%E3%81%8E%E3%82%8B%E7%9B%B8%E8%AB%87%E3%81%A8%E3%81%AF-coten-radio/id1450522865?i=1000471267412,https://podcasts.google.com/feed/aHR0cHM6Ly9hbmNob3IuZm0vcy84YzIwODhjL3BvZGNhc3QvcnNz/episode/Y2NmYWRkNTAtOWFjOS00MWE0LWIzY2ItYjBjZGU4ZTkwZWFi?ved=0CCMQzsICahcKEwiw0evM89_pAhUAAAAAHQAAAAAQJw,/watch?v=wBs3NUlk87k
ex.24,コロナ禍のいま！コテンラジオが語る、疫病の世界史,,,【今回の内容】ペストがどれくらいヤバかったか／ウイルスも細菌も未発見の時代／人間の挙動っていっちょ変わらんね／ユダヤ人迫害と道徳の崩壊／人々を救えなかった宗教と教会／農民、社会地位UP！／ベネチアで始まった船舶隔離／グローバル化とパンデミックの関係／この後どうなるか？わからん！／最悪な状況を想定して対処する／適切に怖がり楽観的に見る／★2020/04/16 のYouTubeライブ配信を元に再構成しています／,https://podcasts.apple.com/jp/podcast/%E7%95%AA%E5%A4%96%E7%B7%A8-24-%E3%82%B3%E3%83%AD%E3%83%8A%E7%A6%8D%E3%81%AE%E3%81%84%E3%81%BE-%E3%82%B3%E3%83%86%E3%83%B3%E3%83%A9%E3%82%B8%E3%82%AA%E3%81%8C%E8%AA%9E%E3%82%8B-%E7%96%AB%E7%97%85%E3%81%AE%E4%B8%96%E7%95%8C%E5%8F%B2-coten-radio/id1450522865?i=1000473805486,https://podcasts.google.com/feed/aHR0cHM6Ly9hbmNob3IuZm0vcy84YzIwODhjL3BvZGNhc3QvcnNz/episode/ZWU4MDA0ZTYtYjRjNy00MThkLWFjZDMtMDhjNDY5Mjc4ODcw?ved=0CBcQzsICahcKEwiw0evM89_pAhUAAAAAHQAAAAAQJw,
ex.25,新時代の働き方 ― 急激に進むリモートワークに思うこと,,,【今回の内容】マイク音出ない事件の勃発／リアルと違う、リモートコミュニケーションのマナー／品質のいいマイクを買え／失われる雑談タイム／雑談は生産性と信頼感を救う／知られざる在宅勤務の辛さ／リモートワーク幻滅期到来か？／コロナと離婚の関係／封建時代に逆戻りする婚活スタイル／ヤンヤンのオンライン結婚企画・始まるか／,https://podcasts.apple.com/jp/podcast/%E7%95%AA%E5%A4%96%E7%B7%A8-25-%E6%96%B0%E6%99%82%E4%BB%A3%E3%81%AE%E5%83%8D%E3%81%8D%E6%96%B9-%E6%80%A5%E6%BF%80%E3%81%AB%E9%80%B2%E3%82%80%E3%83%AA%E3%83%A2%E3%83%BC%E3%83%88%E3%83%AF%E3%83%BC%E3%82%AF%E3%81%AB%E6%80%9D%E3%81%86%E3%81%93%E3%81%A8-coten-radio/id1450522865?i=1000475612240,https://podcasts.google.com/feed/aHR0cHM6Ly9hbmNob3IuZm0vcy84YzIwODhjL3BvZGNhc3QvcnNz/episode/YzgwNzFiOTEtMDFiMy00NmJmLWJjYTItZmYxM2Y2YjZmMmY0?ved=0CAsQzsICahcKEwiw0evM89_pAhUAAAAAHQAAAAAQJw,/watch?v=V3yDN0BIuBU
ex.26,深井によるNetflixおすすめ作品紹介！,,,【今回の内容】動画配信サービスを全制覇した深井／ディズニーチャンネルにも入ってる深井／何度でも言う。クリント・イーストウッドのグラントリノは傑作／クリント・イーストウッドと百里奚／人間のリアリティを感じられない作品は観ない／プロフェッショナルたちの美しさに惹かれる深井／『エレファントマン』という名作／『クィア・アイ』と『ネクスト・イン・ファッション』を激推し／リアリティと面白さをいかに同居させるか／映画を観れない樋口、そのワケ／,https://podcasts.apple.com/jp/podcast/%E7%95%AA%E5%A4%96%E7%B7%A8-26-%E6%B7%B1%E4%BA%95%E3%81%AB%E3%82%88%E3%82%8Bnetflix%E3%81%8A%E3%81%99%E3%81%99%E3%82%81%E4%BD%9C%E5%93%81%E7%B4%B9%E4%BB%8B-coten-radio/id1450522865?i=1000475990654,https://podcasts.google.com/feed/aHR0cHM6Ly9hbmNob3IuZm0vcy84YzIwODhjL3BvZGNhc3QvcnNz/episode/YjFmZmQ0ZDktZWRiZC00ZTM0LWEzZGMtNWE0YzVmNWViN2Vh?ved=0CAkQzsICahcKEwiw0evM89_pAhUAAAAAHQAAAAAQJw,/watch?v=Te8Xr5QrfKE